text,label,source,script
Free entry in 2 a wkly comp to win FA Cup final tkts 21st May 2005. Text FA to 87121 to receive entry question(std txt rate)T&C's apply 08452810075over18's,1,sms_spam_uci,latin
"FreeMsg Hey there darling it's been 3 week's now and no word back! I'd like some fun you up for it still? Tb ok! XxX std chgs to send, £1.50 to rcv",1,sms_spam_uci,latin
WINNER!! As a valued network customer you have been selected to receivea £900 prize reward! To claim call <PHONE>. Claim code KL341. Valid 12 hours only.,1,sms_spam_uci,latin
Had your mobile 11 months or more? U R entitled to Update to the latest colour mobiles with camera for Free! Call The Mobile Update Co FREE on <PHONE>,1,sms_spam_uci,latin
"SIX chances to win CASH! From 100 to 20,000 pounds txt> CSH11 and send to 87575. Cost 150p/day, 6days, 16+ TsandCs apply Reply HL 4 info",1,sms_spam_uci,latin
"URGENT! You have won a 1 week FREE membership in our £100,000 Prize Jackpot! Txt the word: CLAIM to No: 81010 T&C www.dbuk.net LCCLTD POBOX 4403LDNW1A7RW18",1,sms_spam_uci,latin
"XXXMobileMovieClub: To use your credit, click the WAP link in the next txt message or click here>> http://wap. xxxmobilemovieclub.com?n=QJKGIGHJJGCBL",1,sms_spam_uci,latin
"England v Macedonia - dont miss the goals/team news. Txt ur national team to 87077 eg ENGLAND to 87077 Try:WALES, SCOTLAND 4txt/ú1.20 POBOXox36504W45WQ 16+",1,sms_spam_uci,latin
Thanks for your subscription to Ringtone UK your mobile will be charged £5/month Please confirm by replying YES or NO. If you reply NO you will not be charged,1,sms_spam_uci,latin
<PHONE> - Rodger Burns - MSG = We tried to call you re your reply to our sms for a free nokia mobile + free camcorder. Please call now <PHONE> for delivery tomorrow,1,sms_spam_uci,latin
SMS. ac Sptv: The New Jersey Devils and the Detroit Red Wings play Ice Hockey. Correct or Incorrect? End? Reply END SPTV,1,sms_spam_uci,latin
"Congrats! 1 year special cinema pass for 2 is yours. call <PHONE> now! C Suprman V, Matrix3, StarWars3, etc all 4 FREE! bx420-ip4-5we. 150pm. Dont miss out!",1,sms_spam_uci,latin
"As a valued customer, I am pleased to advise you that following recent review of your Mob No. you are awarded with a £1500 Bonus Prize, call <PHONE>",1,sms_spam_uci,latin
"Urgent UR awarded a complimentary trip to EuroDisinc Trav, Aco&Entry41 Or £1000. To claim txt DIS to <PHONE>+6*£1.50(moreFrmMob. ShrAcomOrSglSuplt)10, LS1 3AJ",1,sms_spam_uci,latin
"Did you hear about the new ""Divorce Barbie""? It comes with all of Ken's stuff!",1,sms_spam_uci,latin
Please call our customer service representative on <PHONE> between 10am-9pm as you have WON a guaranteed £1000 cash or £5000 prize!,1,sms_spam_uci,latin
"Your free ringtone is waiting to be collected. Simply text the password ""MIX"" to 85069 to verify. Get Usher and Britney. FML, PO Box 5249, MK17 92H. 450Ppw 16",1,sms_spam_uci,latin
GENT! We are trying to contact you. Last weekends draw shows that you won a £1000 prize GUARANTEED. Call <PHONE>. Claim Code K52. Valid 12hrs only. 150ppm,1,sms_spam_uci,latin
You are a winner U have been specially selected 2 receive £1000 or a 4* holiday (flights inc) speak to a live operator 2 claim 0871277810910p/min (18+),1,sms_spam_uci,latin
PRIVATE! Your 2004 Account Statement for <PHONE> shows 786 unredeemed Bonus Points. To claim call <PHONE> Identifier Code: 45239 Expires,1,sms_spam_uci,latin
"URGENT! Your Mobile No. was awarded £2000 Bonus Caller Prize on 5/9/03 This is our final try to contact U! Call from Landline <PHONE> BOX42WR29C, 150PPM",1,sms_spam_uci,latin
Todays Voda numbers ending 7548 are selected to receive a $350 award. If you have a match please call <PHONE> quoting claim code 4041 standard rates app,1,sms_spam_uci,latin
Sunshine Quiz Wkly Q! Win a top Sony DVD player if u know which country the Algarve is in? Txt ansr to 82277. £1.50 SP:Tyrone,1,sms_spam_uci,latin
Want 2 get laid tonight? Want real Dogging locations sent direct 2 ur mob? Join the UK's largest Dogging Network bt Txting GRAVEL to 69888! Nt. ec2a. 31p.msg@150p,1,sms_spam_uci,latin
You'll not rcv any more msgs from the chat svc. For FREE Hardcore services text GO to: 69988 If u get nothing u must Age Verify with yr network & try again,1,sms_spam_uci,latin
"FreeMsg Why haven't you replied to my text? I'm Randy, sexy, female and live local. Luv to hear from u. Netcollex Ltd 08700621170150p per msg reply Stop to end",1,sms_spam_uci,latin
Customer service annoncement. You have a New Years delivery waiting for you. Please call <PHONE> now to arrange delivery,1,sms_spam_uci,latin
You are a winner U have been specially selected 2 receive £1000 cash or a 4* holiday (flights inc) speak to a live operator 2 claim <PHONE>,1,sms_spam_uci,latin
-PLS STOP bootydelious (32/F) is inviting you to be her friend. Reply YES-434 or NO-434 See her: www.SMS.ac/u/bootydelious STOP? Send STOP FRND to 62468,1,sms_spam_uci,latin
"BangBabes Ur order is on the way. U SHOULD receive a Service Msg 2 download UR content. If U do not, GoTo wap. bangb. tv on UR mobile internet/service menu",1,sms_spam_uci,latin
URGENT! We are trying to contact you. Last weekends draw shows that you have won a £900 prize GUARANTEED. Call <PHONE>. Claim code S89. Valid 12hrs only,1,sms_spam_uci,latin
Please call our customer service representative on FREEPHONE <PHONE> between 9am-11pm as you have WON a guaranteed £1000 cash or £5000 prize!,1,sms_spam_uci,latin
Are you unique enough? Find out from 30th August. www.areyouunique.co.uk,1,sms_spam_uci,latin
"500 New Mobiles from 2004, MUST GO! Txt: NOKIA to No: 89545 & collect yours today!From ONLY £1 www.4-tc.biz 2optout <PHONE>.50gbp/mtmsg18",1,sms_spam_uci,latin
"Will u meet ur dream partner soon? Is ur career off 2 a flyng start? 2 find out free, txt HORO followed by ur star sign, e. g. HORO ARIES",1,sms_spam_uci,latin
Text & meet someone sexy today. U can find a date or even flirt its up to U. Join 4 just 10p. REPLY with NAME & AGE eg Sam 25. 18 -msg recd@thirtyeight pence,1,sms_spam_uci,latin
U <PHONE> have a secret admirer who is looking 2 make contact with U-find out who they R*reveal who thinks UR so special-call on <PHONE>,1,sms_spam_uci,latin
Congratulations ur awarded 500 of CD vouchers or 125gift guaranteed & Free entry 2 100 wkly draw txt MUSIC to 87066 TnCs www.Ldew.com1win150ppmx3age16,1,sms_spam_uci,latin
We tried to contact you re your reply to our offer of a Video Handset? 750 anytime networks mins? UNLIMITED TEXT? Camcorder? Reply or call <PHONE> NOW,1,sms_spam_uci,latin
Hey I am really horny want to chat or see me naked text hot to 69698 text charged at 150pm to unsubscribe text stop 69698,1,sms_spam_uci,latin
Ur ringtone service has changed! 25 Free credits! Go to club4mobiles.com to choose content now! Stop? txt CLUB STOP to 87070. 150p/wk Club4 PO Box1146 MK45 2WT,1,sms_spam_uci,latin
Ringtone Club: Get the UK singles chart on your mobile each week and choose any top quality ringtone! This message is free of charge.,1,sms_spam_uci,latin
HMV BONUS SPECIAL 500 pounds of genuine HMV vouchers to be won. Just answer 4 easy questions. Play Now! Send HMV to 86688 More info:www.100percent-real.com,1,sms_spam_uci,latin
T-Mobile customer you may now claim your FREE CAMERA PHONE upgrade & a pay & go sim card for your loyalty. Call on <PHONE>.Offer ends 28thFeb.T&C's apply,1,sms_spam_uci,latin
"SMS. ac Blind Date 4U!: Rodds1 is 21/m from Aberdeen, United Kingdom. Check Him out http://img. sms. ac/W/icmb3cktz8r7!-4 no Blind Dates send HIDE",1,sms_spam_uci,latin
"TheMob> Check out our newest selection of content, Games, Tones, Gossip, babes and sport, Keep your mobile fit and funky text WAP to 82468",1,sms_spam_uci,latin
"Think ur smart ? Win £200 this week in our weekly quiz, text PLAY to 85222 now!T&Cs WinnersClub PO BOX 84, M26 3UZ. 16+. GBP1.50/week",1,sms_spam_uci,latin
December only! Had your mobile 11mths+? You are entitled to update to the latest colour camera mobile for Free! Call The Mobile Update Co FREE on <PHONE>,1,sms_spam_uci,latin
Call Germany for only 1 pence per minute! Call from a fixed line via access number <PHONE>. No prepayment. Direct access!,1,sms_spam_uci,latin
Valentines Day Special! Win over £1000 in our quiz and take your partner on the trip of a lifetime! Send GO to 83600 now. 150p/msg rcvd. CustCare:<PHONE>.,1,sms_spam_uci,latin
Fancy a shag? I do.Interested? sextextuk.com txt XXUK SUZY to 69876. Txts cost 1.50 per msg. TnCs on website. X,1,sms_spam_uci,latin
Ur cash-balance is currently 500 pounds - to maximize ur cash-in now send CASH to 86688 only 150p/msg. CC: <PHONE> HG/Suite342/2Lands Row/W1J6HL,1,sms_spam_uci,latin
"Update_Now - Xmas Offer! Latest Motorola, SonyEricsson & Nokia & FREE Bluetooth! Double Mins & 1000 Txt on Orange. Call MobileUpd8 on <PHONE> or call2optout/F4Q=",1,sms_spam_uci,latin
Here is your discount code RP176781. To stop further messages reply stop. www.regalportfolio.co.uk. Customer Services <PHONE>,1,sms_spam_uci,latin
"Thanks for your Ringtone Order, Reference T91. You will be charged GBP 4 per week. You can unsubscribe at anytime by calling customer services on <PHONE>",1,sms_spam_uci,latin
"Double mins and txts 4 6months FREE Bluetooth on Orange. Available on Sony, Nokia Motorola phones. Call MobileUpd8 on <PHONE> or call2optout/N9DX",1,sms_spam_uci,latin
4mths half price Orange line rental & latest camera phones 4 FREE. Had your phone 11mths ? Call MobilesDirect free on <PHONE> to update now! or2stoptxt,1,sms_spam_uci,latin
"FREE RINGTONE text FIRST to 87131 for a poly or text GET to 87131 for a true tone! Help? <PHONE> after 1st free, tones are 3x£150pw to e£nd txt stop",1,sms_spam_uci,latin
100 dating service cal;l <PHONE> box334sk38ch,1,sms_spam_uci,latin
FREE entry into our £250 weekly competition just text the word WIN to 80086 NOW. 18 T&C www.txttowin.co.uk,1,sms_spam_uci,latin
Send a logo 2 ur lover - 2 names joined by a heart. Txt LOVE NAME1 NAME2 MOBNO eg LOVE ADAM EVE <PHONE> to 87077 Yahoo! POBox36504W45WQ TxtNO 4 no ads 150p,1,sms_spam_uci,latin
Someone has contacted our dating service and entered your phone because they fancy you! To find out who it is call from a landline <PHONE> . PoBox12n146tf150p,1,sms_spam_uci,latin
URGENT! Your Mobile number has been awarded with a £2000 prize GUARANTEED. Call <PHONE> from land line. Claim 3030. Valid 12hrs only,1,sms_spam_uci,latin
Congrats! Nokia 3650 video camera phone is your Call <PHONE> Calls cost 150ppm Ave call 3mins vary from mobiles 16+ Close 300603 post BCM4284 Ldn WC1N3XX,1,sms_spam_uci,latin
"Loan for any purpose £500 - £75,000. Homeowners + Tenants welcome. Have you been previously refused? We can still help. Call Free <PHONE> or text back 'help'",1,sms_spam_uci,latin
"UpgrdCentre Orange customer, you may now claim your FREE CAMERA PHONE upgrade for your loyalty. Call now on <PHONE>. Offer ends 26th July. T&C's apply. Opt-out available",1,sms_spam_uci,latin
okmail: Dear Dave this is your final notice to collect your 4* Tenerife Holiday or #5000 CASH award! Call <PHONE> from landline. TCs SAE Box326 CW25WX 150ppm,1,sms_spam_uci,latin
Want 2 get laid tonight? Want real Dogging locations sent direct 2 ur Mob? Join the UK's largest Dogging Network by txting MOAN to 69888Nyt. ec2a. 31p.msg@150p,1,sms_spam_uci,latin
"FREE MESSAGE Activate your 500 FREE Text Messages by replying to this message with the word FREE For terms & conditions, visit www.07781482378.com",1,sms_spam_uci,latin
+123 Congratulations - in this week's competition draw u have won the £1450 prize to claim just call <PHONE> b4280703. T&Cs/stop SMS <PHONE>. Over 18 only 150ppm,1,sms_spam_uci,latin
"You are guaranteed the latest Nokia Phone, a 40GB iPod MP3 player or a £500 prize! Txt word: COLLECT to No: 83355! IBHltd LdnW15H 150p/Mtmsgrcvd18+",1,sms_spam_uci,latin
Boltblue tones for 150p Reply POLY# or MONO# eg POLY3 1. Cha Cha Slide 2. Yeah 3. Slow Jamz 6. Toxic 8. Come With Me or STOP 4 more tones txt MORE,1,sms_spam_uci,latin
Your credits have been topped up for http://www.bubbletext.com Your renewal Pin is tgxxrz,1,sms_spam_uci,latin
"URGENT!: Your Mobile No. was awarded a £2,000 Bonus Caller Prize on 02/09/03! This is our 2nd attempt to contact YOU! Call <PHONE> BOX95QU",1,sms_spam_uci,latin
"Today's Offer! Claim ur £150 worth of discount vouchers! Text YES to 85023 now! SavaMob, member offers mobile! T Cs <PHONE>. £3.00 Sub. 16 . Unsub reply X",1,sms_spam_uci,latin
You will recieve your tone within the next 24hrs. For Terms and conditions please see Channel U Teletext Pg 750,1,sms_spam_uci,latin
PRIVATE! Your 2003 Account Statement for <PHONE> shows 800 un-redeemed S.I.M. points. Call <PHONE> Identifier Code 41782 Expires 18/11/04,1,sms_spam_uci,latin
from www.Applausestore.com MonthlySubscription@50p/msg max6/month T&CsC web age16 2stop txt stop,1,sms_spam_uci,latin
"You have won ?1,000 cash or a ?2,000 prize! To claim, call09050000327",1,sms_spam_uci,latin
"our mobile number has won £5000, to claim calls us back or ring the claims hot line on <PHONE>.",1,sms_spam_uci,latin
We tried to contact you re your reply to our offer of 750 mins 150 textand a new video phone call <PHONE> now or reply for free delivery tomorrow,1,sms_spam_uci,latin
"For ur chance to win a £250 wkly shopping spree TXT: SHOP to 80878. T's&C's www.txt-2-shop.com custcare <PHONE>, 1x150p/wk",1,sms_spam_uci,latin
You have been specially selected to receive a 2000 pound award! Call <PHONE> BEFORE the lines close. Cost 10ppm. 16+. T&Cs apply. AG Promo,1,sms_spam_uci,latin
PRIVATE! Your 2003 Account Statement for <PHONE> shows 800 un-redeemed S. I. M. points. Call <PHONE> Identifier Code: 42478 Expires 24/10/04,1,sms_spam_uci,latin
You have an important customer service announcement. Call FREEPHONE <PHONE> now!,1,sms_spam_uci,latin
XCLUSIVE@CLUBSAISAI 2MOROW 28/5 SOIREE SPECIALE ZOUK WITH NICHOLS FROM PARIS.FREE ROSES 2 ALL LADIES !!! info: <PHONE>/<PHONE>,1,sms_spam_uci,latin
22 days to kick off! For Euro2004 U will be kept up to date with the latest news and results daily. To be removed send GET TXT STOP to 83222,1,sms_spam_uci,latin
New TEXTBUDDY Chat 2 horny guys in ur area 4 just 25p Free 2 receive Search postcode or at gaytextbuddy.com. TXT ONE name to 89693,1,sms_spam_uci,latin
Todays Vodafone numbers ending with 4882 are selected to a receive a £350 award. If your number matches call <PHONE> to receive your £350 award.,1,sms_spam_uci,latin
"Dear Voucher Holder, 2 claim this weeks offer, at your PC go to http://www.e-tlp.co.uk/expressoffer Ts&Cs apply.2 stop texts txt STOP to 80062.",1,sms_spam_uci,latin
PRIVATE! Your 2003 Account Statement for shows 800 un-redeemed S. I. M. points. Call <PHONE> Identifier Code: 40533 Expires 31/10/04,1,sms_spam_uci,latin
"You have won ?1,000 cash or a ?2,000 prize! To claim, call09050000327. T&C: RSTM, SW7 3SS. 150ppm",1,sms_spam_uci,latin
88800 and 89034 are premium phone services call <PHONE>,1,sms_spam_uci,latin
"SMS. ac sun0819 posts HELLO:""You seem cool, wanted to say hi. HI!!!"" Stop? Send STOP to 62468",1,sms_spam_uci,latin
Get ur 1st RINGTONE FREE NOW! Reply to this msg with TONE. Gr8 TOP 20 tones to your phone every week just £1.50 per wk 2 opt out send STOP <PHONE>,1,sms_spam_uci,latin
Hi I'm sue. I am 20 years old and work as a lapdancer. I love sex. Text me live - I'm i my bedroom now. text SUE to 89555. By TextOperator G2 1DA 150ppmsg 18+,1,sms_spam_uci,latin
<Forwarded from <PHONE>>Please CALL <PHONE> immediately as there is an urgent message waiting for you.,1,sms_spam_uci,latin
"To review and KEEP the fantastic Nokia N-Gage game deck with Club Nokia, go 2 www.cnupdates.com/newsletter. unsubscribe from alerts reply with the word OUT",1,sms_spam_uci,latin
4mths half price Orange line rental & latest camera phones 4 FREE. Had your phone 11mths+? Call MobilesDirect free on <PHONE> to update now! or2stoptxt T&Cs,1,sms_spam_uci,latin
<PHONE> between 10am-7pm Cost 10p,1,sms_spam_uci,latin
<PHONE> URGENT! This is the 2nd attempt to contact U!U have WON £1250 CALL <PHONE> b4 050703 T&CsBCM4235WC1N3XX. callcost 150ppm mobilesvary. max£7. 50,1,sms_spam_uci,latin
You have WON a guaranteed £1000 cash or a £2000 prize. To claim yr prize call our customer service representative on <PHONE> between 10am-7pm,1,sms_spam_uci,latin
Email AlertFrom: Jeri StewartSize: 2KBSubject: Low-cost prescripiton drvgsTo listen to email call 123,1,sms_spam_uci,latin
Hi. Customer Loyalty Offer:The NEW Nokia6650 Mobile from ONLY £10 at TXTAUCTION! Txt word: START to No: 81151 & get yours Now! 4T&Ctxt TC 150p/MTmsg,1,sms_spam_uci,latin
U are subscribed to the best Mobile Content Service in the UK for £3 per 10 days until you send STOP to 82324. Helpline <PHONE>,1,sms_spam_uci,latin
"Do you realize that in about 40 years, we'll have thousands of old ladies running around with tattoos?",1,sms_spam_uci,latin
You have an important customer service announcement from PREMIER.,1,sms_spam_uci,latin
"Romantic Paris. 2 nights, 2 flights from £79 Book now 4 next year. Call 08704439680Ts&Cs apply.",1,sms_spam_uci,latin
Urgent Ur £500 guaranteed award is still unclaimed! Call <PHONE> NOW closingdate04/09/02 claimcode M39M51 £1.50pmmorefrommobile2Bremoved-MobyPOBox734LS27YF,1,sms_spam_uci,latin
UR awarded a City Break and could WIN a £200 Summer Shopping spree every WK. Txt STORE to 88039 . SkilGme. TsCs087147403231Winawk!Age16 £1.50perWKsub,1,sms_spam_uci,latin
You have an important customer service announcement from PREMIER. Call FREEPHONE <PHONE> now!,1,sms_spam_uci,latin
Ever thought about living a good life with a perfect partner? Just txt back NAME and AGE to join the mobile community. (100p/SMS),1,sms_spam_uci,latin
"5 Free Top Polyphonic Tones call <PHONE>, National Rate. Get a toppoly tune sent every week, just text SUBPOLY to 81618, £3 per pole. UnSub <PHONE>.",1,sms_spam_uci,latin
"Orange customer, you may now claim your FREE CAMERA PHONE upgrade for your loyalty. Call now on <PHONE>. Offer ends 14thMarch. T&C's apply. Opt-out availa",1,sms_spam_uci,latin
"Last Chance! Claim ur £150 worth of discount vouchers today! Text SHOP to 85023 now! SavaMob, offers mobile! T Cs SavaMob POBOX84, M263UZ. £3.00 Sub. 16",1,sms_spam_uci,latin
FREE for 1st week! No1 Nokia tone 4 ur mobile every week just txt NOKIA to 8077 Get txting and tell ur mates. www.getzed.co.uk POBox 36504 W45WQ 16+ norm150p/tone,1,sms_spam_uci,latin
You have won a guaranteed £200 award or even £1000 cashto claim UR award call free on <PHONE>+) 2 stop getstop on 88222 PHP. RG21 4JX,1,sms_spam_uci,latin
Congratulations ur awarded either £500 of CD gift vouchers & Free entry 2 our £100 weekly draw txt MUSIC to 87066 TnCs www.Ldew.com1win150ppmx3age16,1,sms_spam_uci,latin
"U were outbid by simonwatson5120 on the Shinco DVD Plyr. 2 bid again, visit sms. ac/smsrewards 2 end bid notifications, reply END OUT",1,sms_spam_uci,latin
"SMSSERVICES. for yourinclusive text credits, pls goto www.comuk.net login= 3qxj9 unsubscribe with STOP, no extra charge. help <PHONE>.COMUK. 220-CM2 9AE",1,sms_spam_uci,latin
25p 4 alfie Moon's Children in need song on ur mob. Tell ur m8s. Txt Tone charity to 8007 for Nokias or Poly charity for polys: zed <PHONE> profit 2 charity.,1,sms_spam_uci,latin
U have a secret admirer. REVEAL who thinks U R So special. Call <PHONE>. To opt out Reply REVEAL STOP. 1.50 per msg recd. Cust care <PHONE>,1,sms_spam_uci,latin
"Dear Voucher Holder, To claim this weeks offer, at you PC please go to http://www.e-tlp.co.uk/expressoffer Ts&Cs apply. To stop texts, txt STOP to 80062",1,sms_spam_uci,latin
Do you want 750 anytime any network mins 150 text and a NEW VIDEO phone for only five pounds per week call <PHONE> or reply for delivery tomorrow,1,sms_spam_uci,latin
We tried to contact you re our offer of New Video Phone 750 anytime any network mins HALF PRICE Rental camcorder call <PHONE> or reply for delivery Wed,1,sms_spam_uci,latin
Last chance 2 claim ur £150 worth of discount vouchers-Text YES to 85023 now!SavaMob-member offers mobile T Cs <PHONE>. £3.00 Sub. 16 . Remove txt X or STOP,1,sms_spam_uci,latin
"Urgent! call <PHONE> from your landline. Your complimentary 4* Ibiza Holiday or 10,000 cash await collection SAE T&Cs PO BOX 434 SK3 8WP 150 ppm 18+",1,sms_spam_uci,latin
Talk sexy!! Make new friends or fall in love in the worlds most discreet text dating service. Just text VIP to 83110 and see who you could meet.,1,sms_spam_uci,latin
Congratulations ur awarded either a yrs supply of CDs from Virgin Records or a Mystery Gift GUARANTEED Call <PHONE> Ts&Cs www.smsco.net £1.50pm approx 3mins,1,sms_spam_uci,latin
PRIVATE! Your 2003 Account Statement for 07808 XXXXXX shows 800 un-redeemed S. I. M. points. Call <PHONE> Identifier Code: 41685 Expires 07/11/04,1,sms_spam_uci,latin
Hello. We need some posh birds and chaps to user trial prods for champneys. Can i put you down? I need your address and dob asap. Ta r,1,sms_spam_uci,latin
What do U want for Xmas? How about 100 free text messages & a new video phone with half price line rental? Call free now on <PHONE> to find out more!,1,sms_spam_uci,latin
"Shop till u Drop, IS IT YOU, either 10K, 5K, £500 Cash or £100 Travel voucher, Call now, <PHONE>. NTT PO Box CR01327BT fixedline Cost 150ppm mobile vary",1,sms_spam_uci,latin
Sunshine Quiz Wkly Q! Win a top Sony DVD player if u know which country Liverpool played in mid week? Txt ansr to 82277. £1.50 SP:Tyrone,1,sms_spam_uci,latin
U have a secret admirer who is looking 2 make contact with U-find out who they R*reveal who thinks UR so special-call on <PHONE>,1,sms_spam_uci,latin
U have a Secret Admirer who is looking 2 make contact with U-find out who they R*reveal who thinks UR so special-call on <PHONE>-stopsms-08,1,sms_spam_uci,latin
Reminder: You have not downloaded the content you have already paid for. Goto http://doit. mymoby. tv/ to collect your content.,1,sms_spam_uci,latin
"all the lastest from Stereophonics, Marley, Dizzee Racal, Libertines and The Strokes! Win Nookii games with Flirt!! Click TheMob WAP Bookmark or text WAP to 82468",1,sms_spam_uci,latin
"January Male Sale! Hot Gay chat now cheaper, call <PHONE>. National rate from 1.5p/min cheap to 7.8p/min peak! To stop texts call <PHONE> (10p/min)",1,sms_spam_uci,latin
money!!! you r a lucky winner ! 2 claim your prize text money 2 88600 over £1million to give away ! ppt150x3+normal text rate box403 w1t1jy,1,sms_spam_uci,latin
"Dear Matthew please call <PHONE> from a landline, your complimentary 4*Lux Tenerife holiday or £1000 CASH await collection. ppm150 SAE T&Cs Box334 SK38XH.",1,sms_spam_uci,latin
"Urgent! call <PHONE> from Landline. Your complimentary 4* Tenerife Holiday or £10,000 cash await collection SAE T&Cs BOX 528 HP20 1YF 150ppm 18+",1,sms_spam_uci,latin
How about getting in touch with folks waiting for company? Just txt back your NAME and AGE to opt in! Enjoy the community (150p/SMS),1,sms_spam_uci,latin
Ur cash-balance is currently 500 pounds - to maximize ur cash-in now send GO to 86688 only 150p/msg. CC: <PHONE> PO BOX 114/14 TCR/W1,1,sms_spam_uci,latin
Filthy stories and GIRLS waiting for your,1,sms_spam_uci,latin
URGENT! We are trying to contact U. Todays draw shows that you have won a £800 prize GUARANTEED. Call <PHONE> from land line. Claim M95. Valid12hrs only,1,sms_spam_uci,latin
"Congrats! 2 mobile 3G Videophones R yours. call <PHONE> now! videochat wid your mates, play java games, Dload polyPH music, noline rentl.",1,sms_spam_uci,latin
Panasonic & BluetoothHdset FREE. Nokia FREE. Motorola FREE & DoubleMins & DoubleTxt on Orange contract. Call MobileUpd8 on <PHONE> or call 2optout,1,sms_spam_uci,latin
FREE for 1st week! No1 Nokia tone 4 ur mob every week just txt NOKIA to 8007 Get txting and tell ur mates www.getzed.co.uk POBox 36504 W45WQ norm150p/tone 16+,1,sms_spam_uci,latin
Guess what! Somebody you know secretly fancies you! Wanna find out who it is? Give us a call on <PHONE> From Landline DATEBox1282EssexCM61XN 150p/min 18,1,sms_spam_uci,latin
"We know someone who you know that fancies you. Call <PHONE> to find out who. POBox 6, LS15HB 150p",1,sms_spam_uci,latin
"1000's flirting NOW! Txt GIRL or BLOKE & ur NAME & AGE, eg GIRL ZOE 18 to 8007 to join and get chatting!",1,sms_spam_uci,latin
18 days to Euro2004 kickoff! U will be kept informed of all the latest news and results daily. Unsubscribe send GET EURO STOP to 83222.,1,sms_spam_uci,latin
EASTENDERS TV Quiz. What FLOWER does DOT compare herself to? D= VIOLET E= TULIP F= LILY txt D E or F to 84025 NOW 4 chance 2 WIN £100 Cash WKENT/150P16+,1,sms_spam_uci,latin
We have new local dates in your area - Lots of new people registered in YOUR AREA. Reply DATE to start now! 18 only www.flirtparty.us REPLYS150,1,sms_spam_uci,latin
Someone U know has asked our dating service 2 contact you! Cant Guess who? CALL <PHONE> NOW all will be revealed. PO BOX385 M6 6WU,1,sms_spam_uci,latin
URGENT! We are trying to contact U. Todays draw shows that you have won a £800 prize GUARANTEED. Call <PHONE> from land line. Claim C52. Valid12hrs only,1,sms_spam_uci,latin
Dear U've been invited to XCHAT. This is our final attempt to contact u! Txt CHAT to 86688,1,sms_spam_uci,latin
You are awarded a SiPix Digital Camera! call <PHONE> from landline. Delivery within 28days. T Cs Box177. M221BP. 2yr warranty. 150ppm. 16 . p p£3.99,1,sms_spam_uci,latin
WIN URGENT! Your mobile number has been awarded with a £2000 prize GUARANTEED call <PHONE> from land line. claim 3030 valid 12hrs only 150ppm,1,sms_spam_uci,latin
Dear Subscriber ur draw 4 £100 gift voucher will b entered on receipt of a correct ans. When was Elvis Presleys Birthday? TXT answer to 80062,1,sms_spam_uci,latin
Message Important information for O2 user. Today is your lucky day! 2 find out why log onto http://www.urawinner.com there is a fantastic surprise awaiting you,1,sms_spam_uci,latin
"<PHONE> You have won a £2,000 price! To claim, call <PHONE>.",1,sms_spam_uci,latin
"Bored of speed dating? Try SPEEDCHAT, txt SPEEDCHAT to 80155, if you don't like em txt SWAP and get a new chatter! Chat80155 POBox36504W45WQ 150p/msg rcd 16",1,sms_spam_uci,latin
Do you want 750 anytime any network mins 150 text and a NEW video phone for only five pounds per week call <PHONE> now or reply for delivery Tomorrow,1,sms_spam_uci,latin
For taking part in our mobile survey yesterday! You can now have 500 texts 2 use however you wish. 2 get txts just send TXT to 80160 T&C www.txt43.com 1.50p,1,sms_spam_uci,latin
Ur HMV Quiz cash-balance is currently £500 - to maximize ur cash-in now send HMV1 to 86688 only 150p/msg,1,sms_spam_uci,latin
Dont forget you can place as many FREE Requests with 1stchoice.co.uk as you wish. For more Information call <PHONE>.,1,sms_spam_uci,latin
I don't know u and u don't know me. Send CHAT to 86688 now and let's find each other! Only 150p/Msg rcvd. HG/Suite342/2Lands/Row/W1J6HL LDN. 18 years or over.,1,sms_spam_uci,latin
"Thank you, winner notified by sms. Good Luck! No future marketing reply STOP to 84122 customer services <PHONE>",1,sms_spam_uci,latin
1000's of girls many local 2 u who r virgins 2 this & r ready 2 4fil ur every sexual need. Can u 4fil theirs? text CUTE to 69911(£1.50p. m),1,sms_spam_uci,latin
"Got what it takes 2 take part in the WRC Rally in Oz? U can with Lucozade Energy! Text RALLY LE to 61200 (25p), see packs or lucozade.co.uk/wrc & itcould be u!",1,sms_spam_uci,latin
Sex up ur mobile with a FREE sexy pic of Jordan! Just text BABE to 88600. Then every wk get a sexy celeb! PocketBabe.co.uk 4 more pics. 16 £3/wk <PHONE>,1,sms_spam_uci,latin
You have 1 new voicemail. Please call <PHONE>,1,sms_spam_uci,latin
WIN a year supply of CDs 4 a store of ur choice worth £500 & enter our £100 Weekly draw txt MUSIC to 87066 Ts&Cs www.Ldew.com.subs16+1win150ppmx3,1,sms_spam_uci,latin
"As a SIM subscriber, you are selected to receive a Bonus! Get it delivered to your door, Txt the word OK to No: 88600 to claim. 150p/msg, EXP. 30Apr",1,sms_spam_uci,latin
You have 1 new voicemail. Please call <PHONE>.,1,sms_spam_uci,latin
No. 1 Nokia Tone 4 ur mob every week! Just txt NOK to 87021. 1st Tone FREE ! so get txtin now and tell ur friends. 150p/tone. 16 reply HL 4info,1,sms_spam_uci,latin
Reply with your name and address and YOU WILL RECEIVE BY POST a weeks completely free accommodation at various global locations www.phb1.com ph:08700435505150p,1,sms_spam_uci,latin
FREE entry into our £250 weekly comp just send the word ENTER to 84128 NOW. 18 T&C www.textcomp.com cust care <PHONE>.,1,sms_spam_uci,latin
Please CALL <PHONE> immediately as there is an urgent message waiting for you,1,sms_spam_uci,latin
"Hungry gay guys feeling hungry and up 4 it, now. Call <PHONE> just 10p/min. To stop texts call <PHONE> (10p/min)",1,sms_spam_uci,latin
Can U get 2 phone NOW? I wanna chat 2 set up meet Call me NOW on <PHONE> U can cum here 2moro Luv JANE xx Calls£1/minmoremobsEMSPOBox45PO139WA,1,sms_spam_uci,latin
network operator. The service is free. For T & C's visit 80488.biz,1,sms_spam_uci,latin
Enjoy the jamster videosound gold club with your credits for 2 new videosounds+2 logos+musicnews! get more fun from jamster.co.uk! 16+only Help? call: <PHONE>,1,sms_spam_uci,latin
"Get 3 Lions England tone, reply lionm 4 mono or lionp 4 poly. 4 more go 2 www.ringtones.co.uk, the original n best. Tones 3GBP network operator rates apply",1,sms_spam_uci,latin
"Win the newest “Harry Potter and the Order of the Phoenix (Book 5) reply HARRY, answer 5 questions - chance to be the first among readers!",1,sms_spam_uci,latin
Ur balance is now £500. Ur next question is: Who sang 'Uptown Girl' in the 80's ? 2 answer txt ur ANSWER to 83600. Good luck!,1,sms_spam_uci,latin
"FREE2DAY sexy St George's Day pic of Jordan!Txt PIC to 89080 dont miss out, then every wk a saucy celeb!4 more pics c PocketBabe.co.uk <PHONE> £3/wk",1,sms_spam_uci,latin
"HOT LIVE FANTASIES call now <PHONE> Just 20p per min NTT Ltd, PO Box 1327 Croydon CR9 5WB 0870..k",1,sms_spam_uci,latin
"Bears Pic Nick, and Tom, Pete and ... Dick. In fact, all types try gay chat with photo upload call <PHONE> (10p/min). 2 stop texts call <PHONE>",1,sms_spam_uci,latin
"500 New Mobiles from 2004, MUST GO! Txt: NOKIA to No: 89545 & collect yours today!From ONLY £1 www.4-tc.biz 2optout <PHONE>.50gbp/mtmsg18 TXTAUCTION",1,sms_spam_uci,latin
Double Mins & Double Txt & 1/2 price Linerental on Latest Orange Bluetooth mobiles. Call MobileUpd8 for the very latest offers. <PHONE> or call2optout/LF56,1,sms_spam_uci,latin
"URGENT, IMPORTANT INFORMATION FOR O2 USER. TODAY IS YOUR LUCKY DAY! 2 FIND OUT WHY LOG ONTO HTTP://WWW.URAWINNER.COM THERE IS A FANTASTIC SURPRISE AWAITING FOR YOU",1,sms_spam_uci,latin
Dear U've been invited to XCHAT. This is our final attempt to contact u! Txt CHAT to 86688 150p/MsgrcvdHG/Suite342/2Lands/Row/W1J6HL LDN 18 yrs,1,sms_spam_uci,latin
Congratulations ur awarded either £500 of CD gift vouchers & Free entry 2 our £100 weekly draw txt MUSIC to 87066 TnCs www.Ldew.com 1 win150ppmx3age16,1,sms_spam_uci,latin
For sale - arsenal dartboard. Good condition but no doubles or trebles!,1,sms_spam_uci,latin
Free 1st week entry 2 TEXTPOD 4 a chance 2 win 40GB iPod or £250 cash every wk. Txt POD to 84128 Ts&Cs www.textpod.net custcare <PHONE>.,1,sms_spam_uci,latin
As a registered optin subscriber ur draw 4 £100 gift voucher will be entered on receipt of a correct ans to 80062 Whats No1 in the BBC charts,1,sms_spam_uci,latin
Summers finally here! Fancy a chat or flirt with sexy singles in yr area? To get MATCHED up just reply SUMMER now. Free 2 Join. OptOut txt STOP Help08714742804,1,sms_spam_uci,latin
CLAIRE here am havin borin time & am now alone U wanna cum over 2nite? Chat now <PHONE> hope 2 C U Luv CLAIRE xx Calls£1/minmoremobsEMSPOBox45PO139WA,1,sms_spam_uci,latin
Bought one ringtone and now getting texts costing 3 pound offering more tones etc,1,sms_spam_uci,latin
"<PHONE> URGENT! Your mobile No 07xxxxxxxxx won a £2,000 bonus caller prize on 02/06/03! this is the 2nd attempt to reach YOU! call <PHONE> ASAP!",1,sms_spam_uci,latin
"YOU <PHONE> are guaranteed the latests Nokia Phone, a 40GB iPod MP3 player or a £500 prize! Txt word:COLLECT to No:83355! TC-LLC NY-USA 150p/Mt msgrcvd18+",1,sms_spam_uci,latin
Hi its LUCY Hubby at meetins all day Fri & I will B alone at hotel U fancy cumin over? Pls leave msg 2day <PHONE> Lucy x Calls£1/minMobsmoreLKPOBOX177HP51FL,1,sms_spam_uci,latin
"Your account has been credited with 500 FREE Text Messages. To activate, just txt the word: CREDIT to No: 80488 T&Cs www.80488.biz",1,sms_spam_uci,latin
"SMS. ac JSco: Energy is high, but u may not know where 2channel it. 2day ur leadership skills r strong. Psychic? Reply ANS w/question. End? Reply END JSCO",1,sms_spam_uci,latin
"HOT LIVE FANTASIES call now <PHONE> Just 20p per min NTT Ltd, PO Box 1327 Croydon CR9 5WB 0870 is a national rate call",1,sms_spam_uci,latin
Thanks for the Vote. Now sing along with the stars with Karaoke on your mobile. For a FREE link just reply with SING now.,1,sms_spam_uci,latin
Our brand new mobile music service is now live. The free music player will arrive shortly. Just install on your phone to browse content from the top artists.,1,sms_spam_uci,latin
"URGENT! Your Mobile No was awarded a £2,000 Bonus Caller Prize on 1/08/03! This is our 2nd attempt to contact YOU! Call <PHONE> BOX95QU BT National Rate",1,sms_spam_uci,latin
You have won a Nokia 7250i. This is what you get when you win our FREE auction. To take part send Nokia to 86021 now. HG/Suite342/2Lands Row/W1JHL 16+,1,sms_spam_uci,latin
"Hello from Orange. For 1 month's free access to games, news and sport, plus 10 free texts and 20 photo messages, reply YES. Terms apply: www.orange.co.uk/ow",1,sms_spam_uci,latin
Ur cash-balance is currently 500 pounds - to maximize ur cash-in now send GO to 86688 only 150p/msg. CC <PHONE> HG/Suite342/2Lands Row/W1J6HL,1,sms_spam_uci,latin
SMS AUCTION - A BRAND NEW Nokia 7250 is up 4 auction today! Auction is FREE 2 join & take part! Txt NOKIA to 86021 now! HG/Suite342/2Lands Row/W1J6HL,1,sms_spam_uci,latin
As a Registered Subscriber yr draw 4 a £100 gift voucher will b entered on receipt of a correct ans. When are the next olympics. Txt ans to 80062,1,sms_spam_uci,latin
URGENT! Your Mobile number has been awarded with a £2000 prize GUARANTEED. Call <PHONE> from land line. Claim 3030. Valid 12hrs only 150ppm,1,sms_spam_uci,latin
RT-KIng Pro Video Club>> Need help? <EMAIL> or call <PHONE> You must be 16+ Club credits redeemable at www.ringtoneking.co.uk! Enjoy!,1,sms_spam_uci,latin
500 free text msgs. Just text ok to 80488 and we'll credit your account,1,sms_spam_uci,latin
"You have been selected to stay in 1 of 250 top British hotels - FOR NOTHING! Holiday Worth £350! To Claim, Call London <PHONE>. Bx 526, SW73SS",1,sms_spam_uci,latin
"Eerie Nokia tones 4u, rply TONE TITLE to 8007 eg TONE DRACULA to 8007 Titles: GHOST, ADDAMSFA, MUNSTERS, EXORCIST, TWILIGHT www.getzed.co.uk POBox36504W45WQ 150p",1,sms_spam_uci,latin
"0A$NETWORKS allow companies to bill for SMS, so they are responsible for their ""suppliers"", just as a shop has to give a guarantee on what they sell. B. G.",1,sms_spam_uci,latin
FreeMsg:Feelin kinda lnly hope u like 2 keep me company! Jst got a cam moby wanna c my pic?Txt or reply DATE to 82242 Msg150p 2rcv Hlp <PHONE> stop to 82242,1,sms_spam_uci,latin
"For ur chance to win a £250 cash every wk TXT: ACTION to 80608. T's&C's www.movietrivia.tv custcare <PHONE>, 1x150p/wk",1,sms_spam_uci,latin
RGENT! This is the 2nd attempt to contact U!U have WON £1250 CALL <PHONE> b4 050703 T&CsBCM4235WC1N3XX. callcost 150ppm mobilesvary. max£7. 50,1,sms_spam_uci,latin
Hi if ur lookin 4 saucy daytime fun wiv busty married woman Am free all next week Chat now 2 sort time <PHONE> JANINExx Calls£1/minMobsmoreLKPOBOX177HP51FL,1,sms_spam_uci,latin
URGENT! We are trying to contact U. Todays draw shows that you have won a £800 prize GUARANTEED. Call <PHONE> from land line. Claim A21. Valid 12hrs only,1,sms_spam_uci,latin
Monthly password for wap. mobsi.com is 391784. Use your wap phone not PC.,1,sms_spam_uci,latin
todays vodafone numbers ending with 0089(my last four digits) are selected to received a £350 award. If your number matches please call <PHONE> to claim your £350 award,1,sms_spam_uci,latin
Free Top ringtone -sub to weekly ringtone-get 1st week free-send SUBPOLY to 81618-?3 per week-stop sms-<PHONE>,1,sms_spam_uci,latin
"Free msg. Sorry, a service you ordered from 81303 could not be delivered as you do not have sufficient credit. Please top up to receive the service.",1,sms_spam_uci,latin
Hard LIVE 121 chat just 60p/min. Choose your girl and connect LIVE. Call <PHONE> now! Cheap Chat UK's biggest live service. VU BCM1896WC1N3XX,1,sms_spam_uci,latin
WOW! The Boys R Back. TAKE THAT 2007 UK Tour. Win VIP Tickets & pre-book with VIP Club. Txt CLUB to 81303. Trackmarque Ltd info@vipclub4u.,1,sms_spam_uci,latin
"Hi, this is Mandy Sullivan calling from HOTMIX FM...you are chosen to receive £5000.00 in our Easter Prize draw.....Please telephone <PHONE> to claim before 29/03/05 or your prize will be transferred to someone else....",1,sms_spam_uci,latin
UR GOING 2 BAHAMAS! CallFREEFONE <PHONE> and speak to a live operator to claim either Bahamas cruise of£2000 CASH 18+only. To opt out txt X to <PHONE>,1,sms_spam_uci,latin
Someone has conacted our dating service and entered your phone because they fancy you!To find out who it is call from landline <PHONE>. PoBox12n146tf15,1,sms_spam_uci,latin
Hi <PHONE> IBH Customer Loyalty Offer: The NEW NOKIA6600 Mobile from ONLY £10 at TXTAUCTION!Txt word:START to No:81151 & get Yours Now!4T&,1,sms_spam_uci,latin
SMS AUCTION You have won a Nokia 7250i. This is what you get when you win our FREE auction. To take part send Nokia to 86021 now. HG/Suite342/2Lands Row/W1JHL 16+,1,sms_spam_uci,latin
Call FREEPHONE <PHONE> now!,1,sms_spam_uci,latin
Buy Space Invaders 4 a chance 2 win orig Arcade Game console. Press 0 for Games Arcade (std WAP charge) See o2.co.uk/games 4 Terms + settings. No purchase,1,sms_spam_uci,latin
BIG BROTHER ALERT! The computer has selected u for 10k cash or #150 voucher. Call <PHONE>. NTT PO Box CRO1327 18+ BT Landline Cost 150ppm mobiles vary,1,sms_spam_uci,latin
"WIN: We have a winner! Mr. T. Foley won an iPod! More exciting prizes soon, so keep an eye on ur mobile or visit www.win-82050.co.uk",1,sms_spam_uci,latin
Todays Voda numbers ending 1225 are selected to receive a £50award. If you have a match please call <PHONE> quoting claim code 3100 standard rates app,1,sms_spam_uci,latin
"Hottest pics straight to your phone!! See me getting Wet and Wanting, just for you xx Text PICS to 89555 now! txt costs 150p textoperator g696ga 18 XxX",1,sms_spam_uci,latin
"Hack Chat. Get backdoor entry into 121 chat rooms at a fraction of the cost. Reply NEO69 or call <PHONE>, to subscribe 25p pm. DPS, Bcm box 8027 Ldn, wc1n3xx",1,sms_spam_uci,latin
"FREE NOKIA Or Motorola with upto 12mths 1/2price linerental, 500 FREE x-net mins&100txt/mth FREE B'tooth*. Call Mobileupd8 on <PHONE> or call 2optout/D3WV",1,sms_spam_uci,latin
"This is the 2nd time we have tried 2 contact u. U have won the 750 Pound prize. 2 claim is easy, call <PHONE> NOW! Only 10p per min. BT-national-rate",1,sms_spam_uci,latin
You have WON a guaranteed £1000 cash or a £2000 prize.To claim yr prize call our customer service representative on,1,sms_spam_uci,latin
Would you like to see my XXX pics they are so hot they were nearly banned in the uk!,1,sms_spam_uci,latin
Dear 0776xxxxxxx U've been invited to XCHAT. This is our final attempt to contact u! Txt CHAT to 86688 150p/MsgrcvdHG/Suite342/2Lands/Row/W1J6HL LDN 18yrs,1,sms_spam_uci,latin
Urgent! Please call <PHONE> from landline. Your ABTA complimentary 4* Tenerife Holiday or £5000 cash await collection SAE T&Cs Box 326 CW25WX 150ppm,1,sms_spam_uci,latin
CALL <PHONE> & LISTEN TO EXTREME DIRTY LIVE CHAT GOING ON IN THE OFFICE RIGHT NOW TOTAL PRIVACY NO ONE KNOWS YOUR [sic] LISTENING 60P MIN 24/7MP <PHONE>+,1,sms_spam_uci,latin
"FreeMsg Hey U, i just got 1 of these video/pic fones, reply WILD to this txt & ill send U my pics, hurry up Im so bored at work xxx (18 150p/rcvd STOP2stop)",1,sms_spam_uci,latin
Free entry in 2 a weekly comp for a chance to win an ipod. Txt POD to 80182 to get entry (std txt rate) T&C's apply <PHONE> for details 18+,1,sms_spam_uci,latin
New TEXTBUDDY Chat 2 horny guys in ur area 4 just 25p Free 2 receive Search postcode or at gaytextbuddy.com. TXT ONE name to 89693. <PHONE> rpl Stop 2 cnl,1,sms_spam_uci,latin
Call from <PHONE> - tells u 2 call <PHONE> to claim £5000 prize. U have 2 enter all ur mobile & personal details @ the prompts. Careful!,1,sms_spam_uci,latin
Free 1st week entry 2 TEXTPOD 4 a chance 2 win 40GB iPod or £250 cash every wk. Txt VPOD to 81303 Ts&Cs www.textpod.net custcare <PHONE>.,1,sms_spam_uci,latin
More people are dogging in your area now. Call <PHONE> and join like minded guys. Why not arrange 1 yourself. There's 1 this evening. A£1.50 minAPN LS278BB,1,sms_spam_uci,latin
"WELL DONE! Your 4* Costa Del Sol Holiday or £5000 await collection. Call <PHONE> Now toClaim. SAE, TCs, POBox334, Stockport, SK38xh, Cost£1.50/pm, Max10mins",1,sms_spam_uci,latin
it to 80488. Your 500 free text messages are valid until 31 December 2005.,1,sms_spam_uci,latin
You have won a guaranteed £200 award or even £1000 cashto claim UR award call free on <PHONE>+) 2 stop getstop on 88222 PHP,1,sms_spam_uci,latin
Reply to win £100 weekly! Where will the 2006 FIFA World Cup be held? Send STOP to 87239 to end service,1,sms_spam_uci,latin
Urgent! Please call <PHONE> from landline. Your ABTA complimentary 4* Tenerife Holiday or #5000 cash await collection SAE T&Cs Box 326 CW25WX 150 ppm,1,sms_spam_uci,latin
Free tones Hope you enjoyed your new content. text stop to 61610 to unsubscribe. help:08712400602450p Provided by tones2you.co.uk,1,sms_spam_uci,latin
TheMob>Yo yo yo-Here comes a new selection of hot downloads for our members to get for FREE! Just click & open the next link sent to ur fone...,1,sms_spam_uci,latin
Great News! Call FREEFONE <PHONE> to claim your guaranteed £1000 CASH or £2000 gift. Speak to a live operator NOW!,1,sms_spam_uci,latin
"U can WIN £100 of Music Gift Vouchers every week starting NOW Txt the word DRAW to 87066 TsCs www.ldew.com SkillGame,1Winaweek, age16.150ppermessSubscription",1,sms_spam_uci,latin
"Call <PHONE> to use ur mins! Calls cast 10p/min (mob vary). Service provided by AOM, just GBP5/month. AOM Box61,M60 1ER until u stop. Ages 18+ only!",1,sms_spam_uci,latin
"URGENT! Your mobile No *********** WON a £2,000 Bonus Caller Prize on 02/06/03! This is the 2nd attempt to reach YOU! Call <PHONE> ASAP! BOX97N7QP, 150ppm",1,sms_spam_uci,latin
Sexy Singles are waiting for you! Text your AGE followed by your GENDER as wither M or F E.G.23F. For gay men text your AGE followed by a G. e.g.23G.,1,sms_spam_uci,latin
"FreeMsg: Claim ur 250 SMS messages-Text OK to 84025 now!Use web2mobile 2 ur mates etc. Join Txt250.com for 1.50p/wk. T&C BOX139, LA32WU. 16 . Remove txtX or stop",1,sms_spam_uci,latin
85233 FREE>Ringtone!Reply REAL,1,sms_spam_uci,latin
Well done ENGLAND! Get the official poly ringtone or colour flag on yer mobile! text TONE or FLAG to 84199 NOW! Opt-out txt ENG STOP. Box39822 W111WX £1.50,1,sms_spam_uci,latin
"Final Chance! Claim ur £150 worth of discount vouchers today! Text YES to 85023 now! SavaMob, member offers mobile! T Cs SavaMob POBOX84, M263UZ. £3.00 Subs 16",1,sms_spam_uci,latin
"SMS SERVICES. for your inclusive text credits, pls goto www.comuk.net login= ***** unsubscribe with STOP. no extra charge. help:<PHONE>. PO BOX420. IP4 5WE",1,sms_spam_uci,latin
You are a winner you have been specially selected to receive £1000 cash or a £2000 award. Speak to a live operator to claim call 087123002209am-7pm. Cost 10p,1,sms_spam_uci,latin
"Sunshine Hols. To claim ur med holiday send a stamped self address envelope to Drinks on Us UK, PO Box 113, Bray, Wicklow, Eire. Quiz Starts Saturday! Unsub Stop",1,sms_spam_uci,latin
"U can WIN £100 of Music Gift Vouchers every week starting NOW Txt the word DRAW to 87066 TsCs www.Idew.com SkillGame, 1Winaweek, age16. 150ppermessSubscription",1,sms_spam_uci,latin
Your B4U voucher w/c 27/03 is MARSMS. Log onto www.B4Utele.com for discount credit. To opt out reply stop. Customer care call <PHONE>,1,sms_spam_uci,latin
FreeMsg: Hey - I'm Buffy. 25 and love to satisfy men. Home alone feeling randy. Reply 2 C my PIX! QlynnBV Help08700621170150p a msg Send stop to stop txts,1,sms_spam_uci,latin
FREE for 1st week! No1 Nokia tone 4 ur mob every week just txt NOKIA to 87077 Get txting and tell ur mates. zed POBox 36504 W45WQ norm150p/tone 16+,1,sms_spam_uci,latin
FREE camera phones with linerental from 4.49/month with 750 cross ntwk mins. 1/2 price txt bundle deals also avble. Call <PHONE> or call2optout/J MF,1,sms_spam_uci,latin
"URGENT! Your mobile No 07xxxxxxxxx won a £2,000 bonus caller prize on 02/06/03! this is the 2nd attempt to reach YOU! call <PHONE> ASAP! BOX97N7QP, 150PPM",1,sms_spam_uci,latin
"URGENT!! Your 4* Costa Del Sol Holiday or £5000 await collection. Call <PHONE> Now toClaim. SAE, TC s, POBox334, Stockport, SK38xh, Cost£1.50/pm, Max10mins",1,sms_spam_uci,latin
You have WON a guaranteed £1000 cash or a £2000 prize. To claim yr prize call our customer service representative on <PHONE> between 10am-7pm Cost 10p,1,sms_spam_uci,latin
"Thanks for your ringtone order, ref number K718. Your mobile will be charged £4.50. Should your tone not arrive please call customer services on <PHONE>",1,sms_spam_uci,latin
"Hi ya babe x u 4goten bout me?' scammers getting smart..Though this is a regular vodafone no, if you respond you get further prem rate msg/subscription. Other nos used also. Beware!",1,sms_spam_uci,latin
Back 2 work 2morro half term over! Can U C me 2nite 4 some sexy passion B4 I have 2 go back? Chat NOW <PHONE> Luv DENA Calls £1/minMobsmoreLKPOBOX177HP51FL,1,sms_spam_uci,latin
"Thanks for your ringtone order, ref number R836. Your mobile will be charged £4.50. Should your tone not arrive please call customer services on <PHONE>",1,sms_spam_uci,latin
SplashMobile: Choose from 1000s of gr8 tones each wk! This is a subscrition service with weekly tones costing 300p. U have one credit - kick back and ENJOY,1,sms_spam_uci,latin
Not heard from U4 a while. Call 4 rude chat private line <PHONE> to cum. Wan 2C pics of me gettin shagged then text PIX to 8552. 2End send STOP 8552 SAM xxx,1,sms_spam_uci,latin
<Forwarded from 88877>FREE entry into our £250 weekly comp just send the word ENTER to 88877 NOW. 18 T&C www.textcomp.com,1,sms_spam_uci,latin
88066 FROM 88066 LOST 3POUND HELP,1,sms_spam_uci,latin
Had your mobile 11mths ? Update for FREE to Oranges latest colour camera mobiles & unlimited weekend calls. Call Mobile Upd8 on freefone <PHONE> or 2StopTx,1,sms_spam_uci,latin
You have 1 new message. Please call <PHONE>.,1,sms_spam_uci,latin
<Forwarded from <PHONE>>Hi - this is your Mailbox Messaging SMS alert. You have 4 messages. You have 21 matches. Please call back on <PHONE> to retrieve your messages and matches,1,sms_spam_uci,latin
Moby Pub Quiz.Win a £100 High Street prize if u know who the new Duchess of Cornwall will be? Txt her first name to 82277.unsub STOP £<PHONE> SP Arrow,1,sms_spam_uci,latin
"Congratulations! Thanks to a good friend U have WON the £2,000 Xmas prize. 2 claim is easy, just call <PHONE> NOW! Only 10p per minute. BT-national-rate.",1,sms_spam_uci,latin
"<EMAIL> (More games from TheDailyDraw) Dear Helen, Dozens of Free Games - with great prizesWith..",1,sms_spam_uci,latin
"URGENT! Your mobile number *************** WON a £2000 Bonus Caller prize on 10/06/03! This is the 2nd attempt to reach you! Call <PHONE> ASAP! Box 97N7QP, 150ppm",1,sms_spam_uci,latin
Double your mins & txts on Orange or 1/2 price linerental - Motorola and SonyEricsson with B/Tooth FREE-Nokia FREE Call MobileUpd8 on <PHONE> or2optout/HV9D,1,sms_spam_uci,latin
"Download as many ringtones as u like no restrictions, 1000s 2 choose. U can even send 2 yr buddys. Txt Sir to 80082 £3",1,sms_spam_uci,latin
Please CALL <PHONE> immediately as there is an urgent message waiting for you.,1,sms_spam_uci,latin
"Spook up your mob with a Halloween collection of a logo & pic message plus a free eerie tone, txt CARD SPOOK to 8007 zed 08701417012150p per logo/pic",1,sms_spam_uci,latin
"Fantasy Football is back on your TV. Go to Sky Gamestar on Sky Active and play £250k Dream Team. Scoring starts on Saturday, so register now!SKY OPT OUT to 88088",1,sms_spam_uci,latin
Tone Club: Your subs has now expired 2 re-sub reply MONOC 4 monos or POLYC 4 polys 1 weekly @ 150p per week Txt STOP 2 stop This msg free Stream <PHONE>,1,sms_spam_uci,latin
XMAS Prize draws! We are trying to contact U. Todays draw shows that you have won a £2000 prize GUARANTEED. Call <PHONE> from land line. Valid 12hrs only,1,sms_spam_uci,latin
YES! The only place in town to meet exciting adult singles is now in the UK. Txt CHAT to 86688 now! 150p/Msg.,1,sms_spam_uci,latin
"Someone has contacted our dating service and entered your phone becausethey fancy you! To find out who it is call from a landline <PHONE>. PoBox1, W14RG 150p",1,sms_spam_uci,latin
Babe: U want me dont u baby! Im nasty and have a thing 4 filthyguys. Fancy a rude time with a sexy bitch. How about we go slo n hard! Txt XXX SLO(4msgs),1,sms_spam_uci,latin
SMS SERVICES For your inclusive text credits pls gotto www.comuk.net login 3qxj9 unsubscribe with STOP no extra charge help <PHONE> comuk.220cm2 9AE,1,sms_spam_uci,latin
Valentines Day Special! Win over £1000 in our quiz and take your partner on the trip of a lifetime! Send GO to 83600 now. 150p/msg rcvd. CustCare:<PHONE>,1,sms_spam_uci,latin
Guess who am I?This is the first time I created a web page WWW.ASJESUS.COM read all I wrote. I'm waiting for your opinions. I want to be your friend 1/1,1,sms_spam_uci,latin
"For ur chance to win £250 cash every wk TXT: PLAY to 83370. T's&C's www.music-trivia.net custcare <PHONE>, 1x150p/wk.",1,sms_spam_uci,latin
"Sppok up ur mob with a Halloween collection of nokia logo&pic message plus a FREE eerie tone, txt CARD SPOOK to 8007",1,sms_spam_uci,latin
"Urgent! call <PHONE> from landline. Your complementary 4* Tenerife Holiday or £10,000 cash await collection SAE T&Cs PO Box 3 WA14 2PX 150ppm 18+ Sender: Hol Offer",1,sms_spam_uci,latin
WINNER! As a valued network customer you hvae been selected to receive a £900 reward! To collect call <PHONE>. Valid 24 hours only. ACL03530150PM,1,sms_spam_uci,latin
U have won a nokia 6230 plus a free digital camera. This is what u get when u win our FREE auction. To take part send NOKIA to 83383 now. POBOX114/14TCR/W1 16,1,sms_spam_uci,latin
FREE entry into our £250 weekly comp just send the word WIN to 80086 NOW. 18 T&C www.txttowin.co.uk,1,sms_spam_uci,latin
"Text82228>> Get more ringtones, logos and games from www.txt82228.com. Questions: <EMAIL>",1,sms_spam_uci,latin
"FreeMSG You have been awarded a FREE mini DIGITAL CAMERA, just reply SNAP to collect your prize! (quizclub Opt out? Stop 80122300p/wk SP:RWM Ph:<PHONE>)",1,sms_spam_uci,latin
This message is brought to you by GMW Ltd. and is not connected to the,1,sms_spam_uci,latin
"Congrats 2 mobile 3G Videophones R yours. call <PHONE> now! videochat wid ur mates, play java games, Dload polypH music, noline rentl. bx420. ip4. 5we. 150p",1,sms_spam_uci,latin
Your next amazing xxx PICSFREE1 video will be sent to you enjoy! If one vid is not enough for 2day text back the keyword PICSFREE1 to get the next video.,1,sms_spam_uci,latin
U are subscribed to the best Mobile Content Service in the UK for £3 per ten days until you send STOP to 83435. Helpline <PHONE>.,1,sms_spam_uci,latin
"3 FREE TAROT TEXTS! Find out about your love life now! TRY 3 FOR FREE! Text CHANCE to <PHONE> only! After 3 Free, Msgs £1.50 each",1,sms_spam_uci,latin
Join the UK's horniest Dogging service and u can have sex 2nite!. Just sign up and follow the instructions. Txt ENTRY to 69888 now! Nyt.EC2A.3LP.msg@150p,1,sms_spam_uci,latin
Knock Knock Txt whose there to 80082 to enter r weekly draw 4 a £250 gift voucher 4 a store of yr choice. T&Cs www.tkls.com age16 to stoptxtstop£1.50/week,1,sms_spam_uci,latin
<Forwarded from <PHONE>>Hi - this is your Mailbox Messaging SMS alert. You have 40 matches. Please call back on <PHONE> to retrieve your messages and matches cc100p/min,1,sms_spam_uci,latin
"FREE RING TONE just text ""POLYS"" to 87131. Then every week get a new tone. 0870737910216yrs only £1.50/wk.",1,sms_spam_uci,latin
"URGENT! Your mobile No 077xxx WON a £2,000 Bonus Caller Prize on 02/06/03! This is the 2nd attempt to reach YOU! Call <PHONE> ASAP! BOX97N7QP, 150ppm",1,sms_spam_uci,latin
"You are guaranteed the latest Nokia Phone, a 40GB iPod MP3 player or a £500 prize! Txt word: COLLECT to No: 83355! IBHltd LdnW15H 150p/Mtmsgrcvd18",1,sms_spam_uci,latin
"Hello darling how are you today? I would love to have a chat, why dont you tell me what you look like and what you are in to sexy?",1,sms_spam_uci,latin
8007 FREE for 1st week! No1 Nokia tone 4 ur mob every week just txt NOKIA to 8007 Get txting and tell ur mates www.getzed.co.uk POBox 36504 W4 5WQ norm 150p/tone 16+,1,sms_spam_uci,latin
Wanna get laid 2nite? Want real Dogging locations sent direct to ur mobile? Join the UK's largest Dogging Network. Txt PARK to 69696 now! Nyt. ec2a. 3lp £1.50/msg,1,sms_spam_uci,latin
we tried to contact you re your response to our offer of a new nokia fone and camcorder hit reply or call <PHONE> for delivery,1,sms_spam_uci,latin
"New Tones This week include: 1)McFly-All Ab.., 2) Sara Jorge-Shock.. 3) Will Smith-Switch.. To order follow instructions on next message",1,sms_spam_uci,latin
URGENT! We are trying to contact U. Todays draw shows that you have won a £800 prize GUARANTEED. Call <PHONE> from land line. Claim C52. Valid 12hrs only,1,sms_spam_uci,latin
sports fans - get the latest sports news str* 2 ur mobile 1 wk FREE PLUS a FREE TONE Txt SPORT ON to 8007 www.getzed.co.uk <PHONE>+ norm 4txt/120p,1,sms_spam_uci,latin
"Urgent Urgent! We have 800 FREE flights to Europe to give away, call B4 10th Sept & take a friend 4 FREE. Call now to claim on <PHONE>. BA128NNFWFLY150ppm",1,sms_spam_uci,latin
FROM 88066 LOST £12 HELP,1,sms_spam_uci,latin
FreeMsg: Fancy a flirt? Reply DATE now & join the UKs fastest growing mobile dating service. Msgs rcvd just 25p to optout txt stop to 83021. Reply DATE now!,1,sms_spam_uci,latin
Great NEW Offer - DOUBLE Mins & DOUBLE Txt on best Orange tariffs AND get latest camera phones 4 FREE! Call MobileUpd8 free on <PHONE> NOW! or 2stoptxt T&Cs,1,sms_spam_uci,latin
Hope you enjoyed your new content. text stop to 61610 to unsubscribe. help:08712400602450p Provided by tones2you.co.uk,1,sms_spam_uci,latin
Urgent Please call <PHONE> from landline. £5000 cash or a luxury 4* Canary Islands Holiday await collection. T&Cs SAE award. 20M12AQ. 150ppm. 16+ “,1,sms_spam_uci,latin
"Urgent! Please call <PHONE> from your landline, your complimentary 4* Lux Costa Del Sol holiday or £1000 CASH await collection. ppm 150 SAE T&Cs James 28, EH74RR",1,sms_spam_uci,latin
Married local women looking for discreet action now! 5 real matches instantly to your phone. Text MATCH to 69969 Msg cost 150p 2 stop txt stop BCMSFWC1N3XX,1,sms_spam_uci,latin
Burger King - Wanna play footy at a top stadium? Get 2 Burger King before 1st Sept and go Large or Super with Coca-Cola and walk out a winner,1,sms_spam_uci,latin
How come it takes so little time for a child who is afraid of the dark to become a teenager who wants to stay out all night?,1,sms_spam_uci,latin
"For ur chance to win a £250 cash every wk TXT: ACTION to 80608. T's&C's www.movietrivia.tv custcare <PHONE>, 1x150p/wk.",1,sms_spam_uci,latin
U’ve Bin Awarded £50 to Play 4 Instant Cash. Call <PHONE> To Claim. EVERY 9th Player Wins Min £50-£500. OptOut <PHONE>,1,sms_spam_uci,latin
FreeMsg>FAV XMAS TONES!Reply REAL,1,sms_spam_uci,latin
"Gr8 Poly tones 4 ALL mobs direct 2u rply with POLY TITLE to 8007 eg POLY BREATHE1 Titles: CRAZYIN, SLEEPINGWITH, FINEST, YMCA :getzed.co.uk POBox365O4W45WQ 300p",1,sms_spam_uci,latin
INTERFLORA - It's not too late to order Interflora flowers for christmas call <PHONE> to place your order before Midnight tomorrow.,1,sms_spam_uci,latin
ROMCAPspam Everyone around should be responding well to your presence since you are so warm and outgoing. You are bringing in a real breath of sunshine.,1,sms_spam_uci,latin
"Congratulations - Thanks to a good friend U have WON the £2,000 Xmas prize. 2 claim is easy, just call <PHONE> NOW! Only 10p per minute. BT-national-rate",1,sms_spam_uci,latin
Send a logo 2 ur lover - 2 names joined by a heart. Txt LOVE NAME1 NAME2 MOBNO eg LOVE ADAM EVE <PHONE> to 87077 Yahoo! POBox36504W45WQ TxtNO 4 no ads 150p.,1,sms_spam_uci,latin
"You've won tkts to the EURO2004 CUP FINAL or £800 CASH, to collect CALL <PHONE> b4190604, POBOX 7876150ppm",1,sms_spam_uci,latin
"Free-message: Jamster!Get the crazy frog sound now! For poly text MAD1, for real text MAD2 to 88888. 6 crazy sounds for just 3 GBP/week! 16+only! T&C's apply",1,sms_spam_uci,latin
"YOUR CHANCE TO BE ON A REALITY FANTASY SHOW call now = <PHONE> Just 20p per min NTT Ltd, PO Box 1327 Croydon CR9 5WB 0870 is a national = rate call",1,sms_spam_uci,latin
Adult 18 Content Your video will be with you shortly,1,sms_spam_uci,latin
"YOUR CHANCE TO BE ON A REALITY FANTASY SHOW call now = <PHONE> Just 20p per min NTT Ltd, PO Box 1327 Croydon CR9 5WB 0870 is a national = rate call.",1,sms_spam_uci,latin
"Hey Boys. Want hot XXX pics sent direct 2 ur phone? Txt PORN to 69855, 24Hrs free and then just 50p per day. To stop text STOPBCM SF WC1N3XX",1,sms_spam_uci,latin
"pdate_Now - Double mins and 1000 txts on Orange tariffs. Latest Motorola, SonyEricsson & Nokia & Bluetooth FREE! Call MobileUpd8 on <PHONE> or call2optout/!YHL",1,sms_spam_uci,latin
Ur cash-balance is currently 500 pounds - to maximize ur cash-in now send CASH to 86688 only 150p/msg. CC: <PHONE> PO BOX 114/14 TCR/W1,1,sms_spam_uci,latin
Sorry! U can not unsubscribe yet. THE MOB offer package has a min term of 54 weeks> pls resubmit request after expiry. Reply THEMOB HELP 4 more info,1,sms_spam_uci,latin
We currently have a message awaiting your collection. To collect your message just call <PHONE>.,1,sms_spam_uci,latin
"URGENT! Your mobile was awarded a £1,500 Bonus Caller Prize on 27/6/03. Our final attempt 2 contact U! Call <PHONE>",1,sms_spam_uci,latin
"Do you ever notice that when you're driving, anyone going slower than you is an idiot and everyone driving faster than you is a maniac?",1,sms_spam_uci,latin
"Xmas Offer! Latest Motorola, SonyEricsson & Nokia & FREE Bluetooth or DVD! Double Mins & 1000 Txt on Orange. Call MobileUpd8 on <PHONE> or call2optout/4QF2",1,sms_spam_uci,latin
Reply to win £100 weekly! What professional sport does Tiger Woods play? Send STOP to 87239 to end service,1,sms_spam_uci,latin
No 1 POLYPHONIC tone 4 ur mob every week! Just txt PT2 to 87575. 1st Tone FREE ! so get txtin now and tell ur friends. 150p/tone. 16 reply HL 4info,1,sms_spam_uci,latin
This message is free. Welcome to the new & improved Sex & Dogging club! To unsubscribe from this service reply STOP. msgs@150p 18+only,1,sms_spam_uci,latin
Update_Now - 12Mths Half Price Orange line rental: 400mins...Call MobileUpd8 on <PHONE> or call2optout=J5Q,1,sms_spam_uci,latin
FREE UNLIMITED HARDCORE PORN direct 2 your mobile Txt PORN to 69200 & get FREE access for 24 hrs then chrgd@50p per day txt Stop 2exit. This msg is free,1,sms_spam_uci,latin
You are now unsubscribed all services. Get tons of sexy babes or hunks straight to your phone! go to http://gotbabes.co.uk. No subscriptions.,1,sms_spam_uci,latin
"Hi babe its Jordan, how r u? Im home from abroad and lonely, text me back if u wanna chat xxSP visionsms.com Text stop to stopCost 150p <PHONE>",1,sms_spam_uci,latin
Get a brand new mobile phone by being an agent of The Mob! Plus loads more goodies! For more info just text MAT to 87021.,1,sms_spam_uci,latin
LORD OF THE RINGS:RETURN OF THE KING in store NOW!REPLY LOTR by 2 June 4 Chance 2 WIN LOTR soundtrack CDs StdTxtRate. Reply STOP to end txts,1,sms_spam_uci,latin
Good Luck! Draw takes place 28th Feb 06. Good Luck! For removal send STOP to 87239 customer services <PHONE>,1,sms_spam_uci,latin
1st wk FREE! Gr8 tones str8 2 u each wk. Txt NOKIA ON to 8007 for Classic Nokia tones or HIT ON to 8007 for Polys. Nokia/150p Poly/200p 16+,1,sms_spam_uci,latin
"LookAtMe!: Thanks for your purchase of a video clip from LookAtMe!, you've been charged 35p. Think you can do better? Why not send a video in a MMSto 32323.",1,sms_spam_uci,latin
sexy sexy cum and text me im wet and warm and ready for some porn! u up for some fun? THIS MSG IS FREE RECD MSGS 150P INC VAT 2 CANCEL TEXT STOP,1,sms_spam_uci,latin
This is the 2nd time we have tried to contact u. U have won the £1450 prize to claim just call <PHONE> b4 310303. T&Cs/stop SMS <PHONE>. 140ppm,1,sms_spam_uci,latin
"Dear Voucher Holder, To claim this weeks offer, at you PC please go to http://www.e-tlp.co.uk/reward. Ts&Cs apply.",1,sms_spam_uci,latin
UR awarded a City Break and could WIN a £200 Summer Shopping spree every WK. Txt STORE to 88039.SkilGme.TsCs087147403231Winawk!Age16+£1.50perWKsub,1,sms_spam_uci,latin
URGENT! We are trying to contact U. Todays draw shows that you have won a £2000 prize GUARANTEED. Call <PHONE> from land line. Claim Y87. Valid 12hrs only,1,sms_spam_uci,latin
"Thanks for your ringtone order, reference number X29. Your mobile will be charged 4.50. Should your tone not arrive please call customer services <PHONE>",1,sms_spam_uci,latin
Ur cash-balance is currently 500 pounds - to maximize ur cash-in now send COLLECT to 83600 only 150p/msg. CC: <PHONE> PO BOX 114/14 TCR/W1,1,sms_spam_uci,latin
"Congratulations! Thanks to a good friend U have WON the £2,000 Xmas prize. 2 claim is easy, just call <PHONE> NOW! Only 10p per minute. BT-national-rate",1,sms_spam_uci,latin
"<PHONE>, Do you want a New Nokia 3510i colour phone DeliveredTomorrow? With 300 free minutes to any mobile + 100 free texts + Free Camcorder reply or call <PHONE>.",1,sms_spam_uci,latin
"Someone U know has asked our dating service 2 contact you! Cant Guess who? CALL <PHONE> NOW all will be revealed. POBox 6, LS15HB 150p",1,sms_spam_uci,latin
Camera - You are awarded a SiPix Digital Camera! call <PHONE> fromm landline. Delivery within 28 days,1,sms_spam_uci,latin
Todays Voda numbers ending 5226 are selected to receive a ?350 award. If you hava a match please call <PHONE> quoting claim code 1131 standard rates app,1,sms_spam_uci,latin
This message is free. Welcome to the new & improved Sex & Dogging club! To unsubscribe from this service reply STOP. msgs@150p 18 only,1,sms_spam_uci,latin
RCT' THNQ Adrian for U text. Rgds Vatian,1,sms_spam_uci,latin
"You are being contacted by our dating service by someone you know! To find out who it is, call from a land line <PHONE>. PoBox45W2TG150P",1,sms_spam_uci,latin
Sorry I missed your call let's talk when you have the time. I'm on <PHONE>,1,sms_spam_uci,latin
"complimentary 4 STAR Ibiza Holiday or £10,000 cash needs your URGENT collection. <PHONE> NOW from Landline not to lose out! Box434SK38WP150PPM18+",1,sms_spam_uci,latin
FREE MSG:We billed your mobile number by mistake from shortcode 83332.Please call <PHONE> to have charges refunded.This call will be free from a BT landline,1,sms_spam_uci,latin
URGENT! Your Mobile number has been awarded with a £2000 Bonus Caller Prize. Call <PHONE> from land line. Valid 12hrs only,1,sms_spam_uci,latin
Do you want a New Nokia 3510i colour phone DeliveredTomorrow? With 300 free minutes to any mobile + 100 free texts + Free Camcorder reply or call <PHONE>,1,sms_spam_uci,latin
LIFE has never been this much fun and great until you came in. You made it truly special for me. I won't forget you! enjoy @ one gbp/sms,1,sms_spam_uci,latin
Do you want a new Video phone? 600 anytime any network mins 400 Inclusive Video calls AND downloads 5 per week Free delTOMORROW call <PHONE> or reply NOW,1,sms_spam_uci,latin
Welcome! Please reply with your AGE and GENDER to begin. e.g 24M,1,sms_spam_uci,latin
Freemsg: 1-month unlimited free calls! Activate SmartCall Txt: CALL to No: 68866. Subscriptn3gbp/wk unlimited calls Help: <PHONE> Stop?txt stop landlineonly,1,sms_spam_uci,latin
Had your mobile 10 mths? Update to latest Orange camera/video phones for FREE. Save £s with Free texts/weekend calls. Text YES for a callback orno to opt out,1,sms_spam_uci,latin
Am new 2 club & dont fink we met yet Will B gr8 2 C U Please leave msg 2day wiv ur area <PHONE> reply promised CARLIE x Calls£1/minMobsmore LKPOBOX177HP51FL,1,sms_spam_uci,latin
Camera - You are awarded a SiPix Digital Camera! call <PHONE> fromm landline. Delivery within 28 days.,1,sms_spam_uci,latin
Get a FREE mobile video player FREE movie. To collect text GO to 89105. Its free! Extra films can be ordered t's and c's apply. 18 yrs only,1,sms_spam_uci,latin
Save money on wedding lingerie at www.bridal.petticoatdreams.co.uk Choose from a superb selection with national delivery. Brought to you by WeddingFriend,1,sms_spam_uci,latin
Not heard from U4 a while. Call me now am here all night with just my knickers on. Make me beg for it like U did last time <PHONE> XX Luv Nikiyu4.net,1,sms_spam_uci,latin
Bloomberg -Message center <PHONE> Why wait? Apply for your future http://careers. bloomberg.com,1,sms_spam_uci,latin
Do you want a NEW video phone750 anytime any network mins 150 text for only five pounds per week call <PHONE> now or reply for delivery tomorrow,1,sms_spam_uci,latin
"Wan2 win a Meet+Greet with Westlife 4 U or a m8? They are currently on what tour? 1)Unbreakable, 2)Untamed, 3)Unkempt. Text 1,2 or 3 to 83049. Cost 50p +std text",1,sms_spam_uci,latin
<EMAIL> (Bank of Granite issues Strong-Buy) EXPLOSIVE PICK FOR OUR MEMBERS *****UP OVER 300% *********** Nasdaq Symbol CDGT That is a $5.00 per..,1,sms_spam_uci,latin
"You are a £1000 winner or Guaranteed Caller Prize, this is our Final attempt to contact you! To Claim Call <PHONE> Now! 150ppmPOBox10183BhamB64XE",1,sms_spam_uci,latin
"Xmas & New Years Eve tickets are now on sale from the club, during the day from 10am till 8pm, and on Thurs, Fri & Sat night this week. They're selling fast!",1,sms_spam_uci,latin
"Rock yr chik. Get 100's of filthy films &XXX pics on yr phone now. rply FILTH to 69669. Saristar Ltd, E14 9YT <PHONE>. 450p per 5 days. Stop2 cancel",1,sms_spam_uci,latin
From next month get upto 50% More Calls 4 Ur standard network charge 2 activate Call <PHONE> C Wire3.net 1st4Terms PoBox84 M26 3UZ Cost £1.50 min MobcudB more,1,sms_spam_uci,latin
URGENT! We are trying to contact U Todays draw shows that you have won a £800 prize GUARANTEED. Call <PHONE> from land line. Claim J89. po box245c2150pm,1,sms_spam_uci,latin
Text BANNEDUK to 89555 to see! cost 150p textoperator g696ga 18+ XXX,1,sms_spam_uci,latin
"Auction round 4. The highest bid is now £54. Next maximum bid is £71. To bid, send BIDS e. g. 10 (to bid £10) to 83383. Good luck.",1,sms_spam_uci,latin
Collect your VALENTINE'S weekend to PARIS inc Flight & Hotel + £200 Prize guaranteed! Text: PARIS to No: 69101. www.rtf.sphosting.com,1,sms_spam_uci,latin
Customer Loyalty Offer:The NEW Nokia6650 Mobile from ONLY £10 at TXTAUCTION! Txt word: START to No: 81151 & get yours Now! 4T&Ctxt TC 150p/MTmsg,1,sms_spam_uci,latin
You won't believe it but it's true. It's Incredible Txts! Reply G now to learn truly amazing things that will blow your mind. From O2FWD only 18p/txt,1,sms_spam_uci,latin
I am hot n horny and willing I live local to you - text a reply to hear strt back from me 150p per msg Netcollex LtdHelpDesk: <PHONE> reply Stop to end,1,sms_spam_uci,latin
Do you want a New Nokia 3510i Colour Phone Delivered Tomorrow? With 200 FREE minutes to any mobile + 100 FREE text + FREE camcorder Reply or Call <PHONE>,1,sms_spam_uci,latin
Congratulations YOU'VE Won. You're a Winner in our August £1000 Prize Draw. Call <PHONE> NOW. Prize Code 2309.,1,sms_spam_uci,latin
8007 25p 4 Alfie Moon's Children in Need song on ur mob. Tell ur m8s. Txt TONE CHARITY to 8007 for nokias or POLY CHARITY for polys :zed <PHONE> profit 2 charity,1,sms_spam_uci,latin
Get the official ENGLAND poly ringtone or colour flag on yer mobile for tonights game! Text TONE or FLAG to 84199. Optout txt ENG STOP Box39822 W111WX £1.50,1,sms_spam_uci,latin
"Customer service announcement. We recently tried to make a delivery to you but were unable to do so, please call <PHONE> to re-schedule. Ref:<PHONE>",1,sms_spam_uci,latin
"You can stop further club tones by replying ""STOP MIX"" See my-tone.com/enjoy. html for terms. Club tones cost GBP4.50/week. MFL, PO Box 1146 MK45 2WT (2/3)",1,sms_spam_uci,latin
wamma get laid?want real doggin locations sent direct to your mobile? join the UKs largest dogging network. txt dogs to 69696 now!nyt. ec2a. 3lp £1.50/msg.,1,sms_spam_uci,latin
Promotion Number: <PHONE> - UR awarded a City Break and could WIN a £200 Summer Shopping spree every WK. Txt STORE to 88039 . SkilGme. TsCs087147403231Winawk!Age16 £1.50perWKsub,1,sms_spam_uci,latin
"Thanks for your ringtone order, reference number X49. Your mobile will be charged 4.50. Should your tone not arrive please call customer services <PHONE>. From: [colour=red]text[/colour]TXTstar",1,sms_spam_uci,latin
"Hi there, 2nights ur lucky night! Uve been invited 2 XCHAT, the Uks wildest chat! Txt CHAT to 86688 now! 150p/MsgrcvdHG/Suite342/2Lands/Row/W1J6HL LDN 18yrs",1,sms_spam_uci,latin
2/2 146tf150p,1,sms_spam_uci,latin
Dear Voucher Holder 2 claim your 1st class airport lounge passes when using Your holiday voucher call <PHONE>. When booking quote 1st class x 2,1,sms_spam_uci,latin
"Someone U know has asked our dating service 2 contact you! Cant guess who? CALL <PHONE> NOW all will be revealed. POBox 7, S3XY 150p",1,sms_spam_uci,latin
"Mila, age23, blonde, new in UK. I look sex with UK guys. if u like fun with me. Text MTALK to <PHONE> . 30pp/txt 1st 5free. £1.50 increments. Help08718728876",1,sms_spam_uci,latin
"Claim a 200 shopping spree, just call <PHONE> now! Have you won! MobStoreQuiz10ppm",1,sms_spam_uci,latin
"Want to funk up ur fone with a weekly new tone reply TONES2U 2 this text. www.ringtones.co.uk, the original n best. Tones 3GBP network operator rates apply",1,sms_spam_uci,latin
"Twinks, bears, scallies, skins and jocks are calling now. Don't miss the weekend's fun. Call <PHONE> at 10p/min. 2 stop texts call <PHONE>(nat rate)",1,sms_spam_uci,latin
We tried to contact you re your reply to our offer of a Video Handset? 750 anytime any networks mins? UNLIMITED TEXT? Camcorder? Reply or call <PHONE> NOW,1,sms_spam_uci,latin
URGENT! We are trying to contact you. Last weekends draw shows that you have won a £900 prize GUARANTEED. Call <PHONE>. Claim code K61. Valid 12hours only,1,sms_spam_uci,latin
74355 XMAS iscoming & ur awarded either £500 CD gift vouchers & free entry 2 r £100 weekly draw txt MUSIC to 87066 TnC,1,sms_spam_uci,latin
Congratulations U can claim 2 VIP row A Tickets 2 C Blu in concert in November or Blu gift guaranteed Call <PHONE> to claim TS&Cs www.smsco.net cost£3.75max,1,sms_spam_uci,latin
Free msg: Single? Find a partner in your area! 1000s of real people are waiting to chat now!Send CHAT to 62220Cncl send STOPCS <PHONE>£1.50 per msg,1,sms_spam_uci,latin
"Win the newest Harry Potter and the Order of the Phoenix (Book 5) reply HARRY, answer 5 questions - chance to be the first among readers!",1,sms_spam_uci,latin
Free Msg: Ringtone!From: http://tms. widelive.com/index. wml?id=1b6a5ecef91ff9*37819&first=true18:0430-JUL-05,1,sms_spam_uci,latin
"Oh my god! I've found your number again! I'm so glad, text me back xafter this msgs cst std ntwk chg £1.50",1,sms_spam_uci,latin
A link to your picture has been sent. You can also use http://alto18.co.uk/wave/wave.asp?o=44345,1,sms_spam_uci,latin
"Double Mins & 1000 txts on Orange tariffs. Latest Motorola, SonyEricsson & Nokia with Bluetooth FREE! Call MobileUpd8 on <PHONE> or call2optout/HF8",1,sms_spam_uci,latin
URGENT This is our 2nd attempt to contact U. Your £900 prize from YESTERDAY is still awaiting collection. To claim CALL NOW <PHONE>. ACL03530150PM,1,sms_spam_uci,latin
Dear Dave this is your final notice to collect your 4* Tenerife Holiday or #5000 CASH award! Call <PHONE> from landline. TCs SAE Box326 CW25WX 150ppm,1,sms_spam_uci,latin
tells u 2 call <PHONE> to claim £5000 prize. U have 2 enter all ur mobile & personal details @ the prompts. Careful!,1,sms_spam_uci,latin
Your 2004 account for 07XXXXXXXXX shows 786 unredeemed points. To claim call <PHONE> Identifier code: XXXXX Expires 26.03.05,1,sms_spam_uci,latin
Do you want a new video handset? 750 anytime any network mins? Half Price Line Rental? Camcorder? Reply or call <PHONE> for delivery tomorrow,1,sms_spam_uci,latin
FREE>Ringtone! Reply REAL or POLY eg REAL1 1. PushButton 2. DontCha 3. BabyGoodbye 4. GoldDigger 5. WeBeBurnin 1st tone FREE and 6 more when u join for £3/wk,1,sms_spam_uci,latin
"Free Msg: get Gnarls Barkleys ""Crazy"" ringtone TOTALLY FREE just reply GO to this message right now!",1,sms_spam_uci,latin
Refused a loan? Secured or Unsecured? Can't get credit? Call free now <PHONE> or text back 'help' & we will!,1,sms_spam_uci,latin
"You have been specially selected to receive a ""3000 award! Call <PHONE> BEFORE the lines close. Cost 10ppm. 16+. T&Cs apply. AG Promo",1,sms_spam_uci,latin
YOU HAVE WON! As a valued Vodafone customer our computer has picked YOU to win a £150 prize. To collect is easy. Just call <PHONE>,1,sms_spam_uci,latin
Free video camera phones with Half Price line rental for 12 mths and 500 cross ntwk mins 100 txts. Call MobileUpd8 <PHONE> or Call2OptOut/674&,1,sms_spam_uci,latin
ringtoneking 84484,1,sms_spam_uci,latin
Ringtone Club: Gr8 new polys direct to your mobile every week !,1,sms_spam_uci,latin
(Bank of Granite issues Strong-Buy) EXPLOSIVE PICK FOR OUR MEMBERS *****UP OVER 300% *********** Nasdaq Symbol CDGT That is a $5.00 per..,1,sms_spam_uci,latin
Bored housewives! Chat n date now! <PHONE>! BT-national rate 10p/min only from landlines!,1,sms_spam_uci,latin
We tried to call you re your reply to our sms for a video mobile 750 mins UNLIMITED TEXT free camcorder Reply or call now <PHONE> Del Thurs,1,sms_spam_uci,latin
"This is the 2nd time we have tried to contact u. U have won the £400 prize. 2 claim is easy, just call <PHONE> NOW! Only 10p per minute. BT-national-rate",1,sms_spam_uci,latin
You will be receiving this week's Triple Echo ringtone shortly. Enjoy it!,1,sms_spam_uci,latin
"U've been selected to stay in 1 of 250 top British hotels - FOR NOTHING! Holiday valued at £350! Dial <PHONE> to claim - National Rate Call. Bx526, SW73SS",1,sms_spam_uci,latin
YOU ARE CHOSEN TO RECEIVE A £350 AWARD! Pls call claim number <PHONE> to collect your award which you are selected to receive as a valued mobile customer.,1,sms_spam_uci,latin
Win a £1000 cash prize or a prize worth £5000,1,sms_spam_uci,latin
"Thanks for your ringtone order, reference number X49.Your mobile will be charged 4.50. Should your tone not arrive please call customer services <PHONE>",1,sms_spam_uci,latin
Moby Pub Quiz.Win a £100 High Street prize if u know who the new Duchess of Cornwall will be? Txt her first name to 82277.unsub STOP £<PHONE> SP,1,sms_spam_uci,latin
"This weeks SavaMob member offers are now accessible. Just call <PHONE> for details! SavaMob, POBOX 139, LA3 2WU. Only £1.50/week. SavaMob - offers mobile!",1,sms_spam_uci,latin
"You are being contacted by our Dating Service by someone you know! To find out who it is, call from your mobile or landline <PHONE> PoBox75LDNS7",1,sms_spam_uci,latin
TBS/PERSOLVO. been chasing us since Sept for£38 definitely not paying now thanks to your information. We will ignore them. Kath. Manchester.,1,sms_spam_uci,latin
Loans for any purpose even if you have Bad Credit! Tenants Welcome. Call NoWorriesLoans.com on <PHONE>,1,sms_spam_uci,latin
87077: Kick off a new season with 2wks FREE goals & news to ur mobile! Txt ur club name to 87077 eg VILLA to 87077,1,sms_spam_uci,latin
"Orange brings you ringtones from all time Chart Heroes, with a free hit each week! Go to Ringtones & Pics on wap. To stop receiving these tips reply STOP.",1,sms_spam_uci,latin
We tried to call you re your reply to our sms for a video mobile 750 mins UNLIMITED TEXT + free camcorder Reply of call <PHONE> Now,1,sms_spam_uci,latin
GSOH? Good with SPAM the ladies?U could b a male gigolo? 2 join the uk's fastest growing mens club reply ONCALL. mjzgroup. <PHONE>.2stop reply STOP. msg@£1.50rcvd,1,sms_spam_uci,latin
URGENT! Your Mobile number has been awarded a <UKP>2000 prize GUARANTEED. Call <PHONE> from landline. Claim 3030. Valid 12hrs only 150ppm,1,sms_spam_uci,latin
"SPJanuary Male Sale! Hot Gay chat now cheaper, call <PHONE>. National rate from 1.5p/min cheap to 7.8p/min peak! To stop texts call <PHONE> (10p/min)",1,sms_spam_uci,latin
FreeMsg Today's the day if you are ready! I'm horny & live in your town. I love sex fun & games! Netcollex Ltd 08700621170150p per msg reply Stop to end,1,sms_spam_uci,latin
"In The Simpsons Movie released in July 2007 name the band that died at the start of the film? A-Green Day, B-Blue Day, C-Red Day. (Send A, B or C)",1,sms_spam_uci,latin
Please call Amanda with regard to renewing or upgrading your current T-Mobile handset free of charge. Offer ends today. Tel <PHONE> subject to T's and C's,1,sms_spam_uci,latin
Want a new Video Phone? 750 anytime any network mins? Half price line rental free text for 3 months? Reply or call <PHONE> for free delivery,1,sms_spam_uci,latin
"Dear Voucher Holder, To claim this weeks offer, at your PC please go to http://www.wtlp.co.uk/text. Ts&Cs apply.",1,sms_spam_uci,latin
"Urgent! Please call <PHONE>. Your ABTA complimentary 4* Spanish Holiday or £10,000 cash await collection SAE T&Cs BOX 47 PO19 2EZ 150ppm 18+",1,sms_spam_uci,latin
"cmon babe, make me horny, *turn* me on! Txt me your fantasy now babe -) Im hot, sticky and need you now. All replies cost £1.50. 2 cancel send STOP",1,sms_spam_uci,latin
IMPORTANT INFORMATION 4 ORANGE USER 0796XXXXXX. TODAY IS UR LUCKY DAY!2 FIND OUT WHY LOG ONTO http://www.urawinner.com THERE'S A FANTASTIC PRIZEAWAITING YOU!,1,sms_spam_uci,latin
Missed call alert. These numbers called but left no message. <PHONE>,1,sms_spam_uci,latin
FREEMSG: Our records indicate you may be entitled to 3750 pounds for the Accident you had. To claim for free reply with YES to this msg. To opt out text STOP,1,sms_spam_uci,latin
Show ur colours! Euro <PHONE> Offer! Get an England Flag & 3Lions tone on ur phone! Click on the following service message for info!,1,sms_spam_uci,latin
Text PASS to 69669 to collect your polyphonic ringtones. Normal gprs charges apply only. Enjoy your tones,1,sms_spam_uci,latin
"accordingly. I repeat, just text the word ok on your mobile phone and send",1,sms_spam_uci,latin
Block Breaker now comes in deluxe format with new features and great graphics from T-Mobile. Buy for just £5 by replying GET BBDELUXE and take the challenge,1,sms_spam_uci,latin
important information 4 orange user . today is your lucky day!2find out why log onto http://www.urawinner.com THERE'S A FANTASTIC SURPRISE AWAITING YOU!,1,sms_spam_uci,latin
Natalja (25/F) is inviting you to be her friend. Reply YES-440 or NO-440 See her: www.SMS.ac/u/nat27081980 STOP? Send STOP FRND to 62468,1,sms_spam_uci,latin
"URGENT. Important information for 02 user. Today is your lucky day! 2 find out why , log onto http://www.urawinner.com there is a fantastic surprise awaiting you !",1,sms_spam_uci,latin
Kit Strip - you have been billed 150p. Netcollex Ltd. PO Box 1013 IG11 OJA,1,sms_spam_uci,latin
thesmszone.com lets you send free anonymous and masked messages..im sending this message from there..do you see the potential for abuse???,1,sms_spam_uci,latin
"Congrats! 2 mobile 3G Videophones R yours. call <PHONE> now! videochat wid ur mates, play java games, Dload polyH music, noline rentl. bx420. ip4. 5we. 150pm",1,sms_spam_uci,latin
important information 4 orange user 0789xxxxxxx. today is your lucky day!2find out why log onto http://www.urawinner.com THERE'S A FANTASTIC SURPRISE AWAITING YOU!,1,sms_spam_uci,latin
"Our dating service has been asked 2 contact U by someone shy! CALL <PHONE> NOW all will be revealed. POBox84, M26 3UZ 150p",1,sms_spam_uci,latin
Do you want a new Video handset? 750 any time any network mins? UNLIMITED TEXT? Camcorder? Reply or Call now <PHONE> for del Sat AM,1,sms_spam_uci,latin
"Ur balance is now £600. Next question: Complete the landmark, Big, A. Bob, B. Barry or C. Ben ?. Text A, B or C to 83738. Good luck!",1,sms_spam_uci,latin
Ur TONEXS subscription has been renewed and you have been charged £4.50. You can choose 10 more polys this month. www.clubzed.co.uk *BILLING MSG*,1,sms_spam_uci,latin
"If you don't, your prize will go to another customer. T&C at www.t-c.biz 18+ 150p/min Polo Ltd Suite 373 London W1J 6HL Please call back if busy",1,sms_spam_uci,latin
RECPT 1/3. You have ordered a Ringtone. Your order is being processed...,1,sms_spam_uci,latin
As one of our registered subscribers u can enter the draw 4 a 100 G.B. gift voucher by replying with ENTER. To unsubscribe text STOP,1,sms_spam_uci,latin
"For your chance to WIN a FREE Bluetooth Headset then simply reply back with ""ADP""",1,sms_spam_uci,latin
Don't b floppy... b snappy & happy! Only gay chat service with photo upload call <PHONE> (10p/min). 2 stop our texts call <PHONE>,1,sms_spam_uci,latin
"Welcome to UK-mobile-date this msg is FREE giving you free calling to <PHONE>. Future mgs billed at 150p daily. To cancel send ""go stop"" to 89123",1,sms_spam_uci,latin
3. You have received your mobile content. Enjoy,1,sms_spam_uci,latin
Want explicit SEX in 30 secs? Ring <PHONE> now! Costs 20p/min,1,sms_spam_uci,latin
"Latest Nokia Mobile or iPOD MP3 Player +£400 proze GUARANTEED! Reply with: WIN to 83355 now! Norcorp Ltd.£1,50/Mtmsgrcvd18+",1,sms_spam_uci,latin
"SMS SERVICES. for your inclusive text credits, pls goto www.comuk.net login= 3qxj9 unsubscribe with STOP, no extra charge. help <PHONE>.COMUK. 220-CM2 9AE",1,sms_spam_uci,latin
Mobile Club: Choose any of the top quality items for your mobile. 7cfca1a,1,sms_spam_uci,latin
Money i have won wining number 946 wot do i do next,1,sms_spam_uci,latin
"I want some cock! My hubby's away, I need a real man 2 satisfy me. Txt WIFE to 89938 for no strings action. (Txt STOP 2 end, txt rec £1.50ea. OTBox 731 LA1 7WS. )",1,sms_spam_uci,latin
Gr8 new service - live sex video chat on your mob - see the sexiest dirtiest girls live on ur phone - 4 details text horny to 89070 to cancel send STOP to 89070,1,sms_spam_uci,latin
FreeMsg Hi baby wow just got a new cam moby. Wanna C a hot pic? or Fancy a chat?Im w8in 4uTxt / rply CHAT to 82242 Hlp <PHONE> Msg150p 2rcv,1,sms_spam_uci,latin
Wanna have a laugh? Try CHIT-CHAT on your mobile now! Logon by txting the word: CHAT and send it to No: 8883 CM PO Box 4217 London W1A 6ZF 16+ 118p/msg rcvd,1,sms_spam_uci,latin
"""URGENT! This is the 2nd attempt to contact U!U have WON £1000CALL <PHONE> b4 300603t&csBCM4235WC1N3XX.callcost150ppmmobilesvary. max£7. 50""",1,sms_spam_uci,latin
Congratulations ur awarded 500 of CD vouchers or 125gift guaranteed & Free entry 2 100 wkly draw txt MUSIC to 87066,1,sms_spam_uci,latin
"Had your contract mobile 11 Mnths? Latest Motorola, Nokia etc. all FREE! Double Mins & Text on Orange tariffs. TEXT YES for callback, no to remove from records",1,sms_spam_uci,latin
U have a Secret Admirer who is looking 2 make contact with U-find out who they R*reveal who thinks UR so special-call on <PHONE>-stopsms-08718727870150ppm,1,sms_spam_uci,latin
FreeMsg: Txt: CALL to No: 86888 & claim your reward of 3 hours talk time to use from your phone now! Subscribe6GBP/mnth inc 3hrs 16 stop?txtStop,1,sms_spam_uci,latin
Sunshine Quiz! Win a super Sony DVD recorder if you canname the capital of Australia? Text MQUIZ to 82277. B,1,sms_spam_uci,latin
Todays Voda numbers ending with 7634 are selected to receive a £350 reward. If you have a match please call <PHONE> quoting claim code 7684 standard rates apply.,1,sms_spam_uci,latin
You are being ripped off! Get your mobile content from www.clubmoby.com call <PHONE> poly/true/Pix/Ringtones/Games six downloads for only 3,1,sms_spam_uci,latin
We tried to contact you re your reply to our offer of a Video Phone 750 anytime any network mins Half Price Line Rental Camcorder Reply or call <PHONE>,1,sms_spam_uci,latin
A £400 XMAS REWARD IS WAITING FOR YOU! Our computer has randomly picked you from our loyal mobile customers to receive a £400 reward. Just call <PHONE>,1,sms_spam_uci,latin
"Hi babe its Chloe, how r u? I was smashed on saturday night, it was great! How was your weekend? U been missing me? SP visionsms.com Text stop to stop 150p/text",1,sms_spam_uci,latin
"URGENT! Your Mobile No <PHONE> was awarded a £2,000 Bonus Caller Prize on 02/09/03! This is our 2nd attempt to contact YOU! Call <PHONE> BOX95QU",1,sms_spam_uci,latin
"FREE GAME. Get Rayman Golf 4 FREE from the O2 Games Arcade. 1st get UR games settings. Reply POST, then save & activ8. Press 0 key for Arcade. Termsapply",1,sms_spam_uci,latin
"Had your mobile 10 mths? Update to the latest Camera/Video phones for FREE. KEEP UR SAME NUMBER, Get extra free mins/texts. Text YES for a call",1,sms_spam_uci,latin
Your weekly Cool-Mob tones are ready to download !This weeks new Tones include: 1) Crazy Frog-AXEL F>>> 2) Akon-Lonely>>> 3) Black Eyed-Dont P >>>More info in n,1,sms_spam_uci,latin
Cashbin.co.uk (Get lots of cash this weekend!) www.cashbin.co.uk Dear Welcome to the weekend We have got our biggest and best EVER cash give away!! These..,1,sms_spam_uci,latin
Thanks 4 your continued support Your question this week will enter u in2 our draw 4 £100 cash. Name the NEW US President? txt ans to 80082,1,sms_spam_uci,latin
Your unique user ID is 1172. For removal send STOP to 87239 customer services <PHONE>,1,sms_spam_uci,latin
"Urgent -call 09066649731from Landline. Your complimentary 4* Ibiza Holiday or £10,000 cash await collection SAE T&Cs PO BOX 434 SK3 8WP 150ppm 18+",1,sms_spam_uci,latin
URGENT This is our 2nd attempt to contact U. Your £900 prize from YESTERDAY is still awaiting collection. To claim CALL NOW <PHONE>,1,sms_spam_uci,latin
Santa calling! Would your little ones like a call from Santa Xmas Eve? Call <PHONE> to book you time. Calls1.50ppm last 3mins 30s T&C www.santacalling.com,1,sms_spam_uci,latin
PRIVATE! Your 2004 Account Statement for 078498****7 shows 786 unredeemed Bonus Points. To claim call <PHONE> Identifier Code: 45239 Expires 06.05.05,1,sms_spam_uci,latin
Check Out Choose Your Babe Videos @ sms.shsex.netUN fgkslpoPW fgkslpo,1,sms_spam_uci,latin
u r a winner U ave been specially selected 2 receive £1000 cash or a 4* holiday (flights inc) speak to a live operator 2 claim 0871277810710p/min (18 ),1,sms_spam_uci,latin
"New Mobiles from 2004, MUST GO! Txt: NOKIA to No: 89545 & collect yours today! From ONLY £1. www.4-tc.biz 2optout <PHONE>.50gbp/mtmsg18 TXTAUCTION.",1,sms_spam_uci,latin
**FREE MESSAGE**Thanks for using the Auction Subscription Service. 18 . 150p/MSGRCVD 2 Skip an Auction txt OUT. 2 Unsubscribe txt STOP CustomerCare <PHONE>,1,sms_spam_uci,latin
lyricalladie(21/F) is inviting you to be her friend. Reply YES-910 or NO-910. See her: www.SMS.ac/u/hmmross STOP? Send STOP FRND to 62468,1,sms_spam_uci,latin
Want the latest Video handset? 750 anytime any network mins? Half price line rental? Reply or call <PHONE> for delivery tomorrow,1,sms_spam_uci,latin
"ou are guaranteed the latest Nokia Phone, a 40GB iPod MP3 player or a £500 prize! Txt word: COLLECT to No: 83355! IBHltd LdnW15H 150p/Mtmsgrcvd18",1,sms_spam_uci,latin
* FREE* POLYPHONIC RINGTONE Text SUPER to 87131 to get your FREE POLY TONE of the week now! 16 SN PoBox202 NR31 7ZS subscription 450pw,1,sms_spam_uci,latin
Warner Village 83118 C Colin Farrell in SWAT this wkend @Warner Village & get 1 free med. Popcorn!Just show <EMAIL> 4-7/12. C t&c @kiosk. Reply SONY 4 mre film offers,1,sms_spam_uci,latin
"Goal! Arsenal 4 (Henry, 7 v Liverpool 2 Henry scores with a simple shot from 6 yards from a pass by Bergkamp to give Arsenal a 2 goal margin after 78 mins.",1,sms_spam_uci,latin
"Hi, the SEXYCHAT girls are waiting for you to text them. Text now for a great night chatting. send STOP to stop this service",1,sms_spam_uci,latin
"Hi this is Amy, we will be sending you a free phone number in a couple of days, which will give you an access to all the adult parties...",1,sms_spam_uci,latin
"Welcome to Select, an O2 service with added benefits. You can now call our specially trained advisors FREE from your mobile by dialling 402.",1,sms_spam_uci,latin
Dear Voucher holder Have your next meal on us. Use the following link on your pc 2 enjoy a 2 4 1 dining experiencehttp://www.vouch4me.com/etlp/dining.asp,1,sms_spam_uci,latin
URGENT! We are trying to contact U. Todays draw shows that you have won a £2000 prize GUARANTEED. Call <PHONE> from land line. Claim 3030. Valid 12hrs only,1,sms_spam_uci,latin
You can donate £2.50 to UNICEF's Asian Tsunami disaster support fund by texting DONATE to 864233. £2.50 will be added to your next bill,1,sms_spam_uci,latin
goldviking (29/M) is inviting you to be his friend. Reply YES-762 or NO-762 See him: www.SMS.ac/u/goldviking STOP? Send STOP FRND to 62468,1,sms_spam_uci,latin
Phony £350 award - Todays Voda numbers ending XXXX are selected to receive a £350 award. If you have a match please call <PHONE> quoting claim code 3100 standard rates app,1,sms_spam_uci,latin
CDs 4u: Congratulations ur awarded £500 of CD gift vouchers or £125 gift guaranteed & Freeentry 2 £100 wkly draw xt MUSIC to 87066 TnCs www.ldew.com1win150ppmx3age16,1,sms_spam_uci,latin
Ur cash-balance is currently 500 pounds - to maximize ur cash-in now send GO to 86688 only 150p/meg. CC: <PHONE> HG/Suite342/2lands Row/W1j6HL,1,sms_spam_uci,latin
PRIVATE! Your 2003 Account Statement for shows 800 un-redeemed S.I.M. points. Call <PHONE> Identifier Code:4xx26 Expires 13/10/04,1,sms_spam_uci,latin
I'd like to tell you my deepest darkest fantasies. Call me <PHONE> just 60p/min. To stop texts call <PHONE> (nat rate),1,sms_spam_uci,latin
Natalie (20/F) is inviting you to be her friend. Reply YES-165 or NO-165 See her: www.SMS.ac/u/natalie2k9 STOP? Send STOP FRND to 62468,1,sms_spam_uci,latin
Jamster! To get your free wallpaper text HEART to 88888 now! T&C apply. 16 only. Need Help? Call <PHONE>.,1,sms_spam_uci,latin
Free video camera phones with Half Price line rental for 12 mths and 500 cross ntwk mins 100 txts. Call MobileUpd8 <PHONE> or Call2OptOut/674,1,sms_spam_uci,latin
<PHONE>=£450 UK Break AccommodationVouchers terms & conditions apply. 2 claim you mustprovide your claim number which is 15541,1,sms_spam_uci,latin
5p 4 alfie Moon's Children in need song on ur mob. Tell ur m8s. Txt Tone charity to 8007 for Nokias or Poly charity for polys: zed <PHONE> profit 2 charity.,1,sms_spam_uci,latin
WIN a £200 Shopping spree every WEEK Starting NOW. 2 play text STORE to 88039. SkilGme. TsCs08714740323 1Winawk! age16 £1.50perweeksub.,1,sms_spam_uci,latin
"This is the 2nd attempt to contract U, you have won this weeks top prize of either £1000 cash or £200 prize. Just call <PHONE>",1,sms_spam_uci,latin
Do you want a New Nokia 3510i colour phone DeliveredTomorrow? With 300 free minutes to any mobile + 100 free texts + Free Camcorder reply or call <PHONE>.,1,sms_spam_uci,latin
"TheMob>Hit the link to get a premium Pink Panther game, the new no. 1 from Sugababes, a crazy Zebra animation or a badass Hoody wallpaper-all 4 FREE!",1,sms_spam_uci,latin
This msg is for your mobile content order It has been resent as previous attempt failed due to network error Queries to <EMAIL>,1,sms_spam_uci,latin
You have 1 new message. Please call <PHONE>,1,sms_spam_uci,latin
December only! Had your mobile 11mths+? You are entitled to update to the latest colour camera mobile for Free! Call The Mobile Update VCo FREE on <PHONE>,1,sms_spam_uci,latin
"Get 3 Lions England tone, reply lionm 4 mono or lionp 4 poly. 4 more go 2 www.ringtones.co.uk, the original n best. Tones 3GBP network operator rates apply.",1,sms_spam_uci,latin
PRIVATE! Your 2003 Account Statement for 078,1,sms_spam_uci,latin
"YOU VE WON! Your 4* Costa Del Sol Holiday or £5000 await collection. Call <PHONE> Now toClaim. SAE, TC s, POBox334, Stockport, SK38xh, Cost£1.50/pm, Max10mins",1,sms_spam_uci,latin
Get your garden ready for summer with a FREE selection of summer bulbs and seeds worth £33:50 only with The Scotsman this Saturday. To stop go2 notxt.co.uk,1,sms_spam_uci,latin
SMS AUCTION - A BRAND NEW Nokia 7250 is up 4 auction today! Auction is FREE 2 join & take part! Txt NOKIA to 86021 now!,1,sms_spam_uci,latin
ree entry in 2 a weekly comp for a chance to win an ipod. Txt POD to 80182 to get entry (std txt rate) T&C's apply <PHONE> for details 18+,1,sms_spam_uci,latin
Our records indicate u maybe entitled to 5000 pounds in compensation for the Accident you had. To claim 4 free reply with CLAIM to this msg. 2 stop txt STOP,1,sms_spam_uci,latin
Call Germany for only 1 pence per minute! Call from a fixed line via access number <PHONE>. No prepayment. Direct access! www.telediscount.co.uk,1,sms_spam_uci,latin
Had your mobile 11mths ? Update for FREE to Oranges latest colour camera mobiles & unlimited weekend calls. Call Mobile Upd8 on freefone <PHONE> or 2StopTxt,1,sms_spam_uci,latin
PRIVATE! Your 2003 Account Statement for <fone no> shows 800 un-redeemed S. I. M. points. Call <PHONE> Identifier Code: 42049 Expires 26/10/04,1,sms_spam_uci,latin
Someonone you know is trying to contact you via our dating service! To find out who it could be call from your mobile or landline <PHONE> BOX334SK38ch,1,sms_spam_uci,latin
Urgent! Please call <PHONE> from a landline. £5000 cash or a 4* holiday await collection. T &Cs SAE PO Box 177 M227XY. 16+,1,sms_spam_uci,latin
Urgent! Please call <PHONE> from landline. £5000 cash or a luxury 4* Canary Islands Holiday await collection. T&Cs SAE PO Box 177. M227XY. 150ppm. 16+,1,sms_spam_uci,latin
XMAS iscoming & ur awarded either £500 CD gift vouchers & free entry 2 r £100 weekly draw txt MUSIC to 87066 TnC www.Ldew.com1win150ppmx3age16subscription,1,sms_spam_uci,latin
"u r subscribed 2 TEXTCOMP 250 wkly comp. 1st wk?s free question follows, subsequent wks charged@150p/msg.2 unsubscribe txt STOP 2 84128,custcare <PHONE>",1,sms_spam_uci,latin
Call <PHONE> and send our girls into erotic ecstacy. Just 60p/min. To stop texts call <PHONE> (nat rate),1,sms_spam_uci,latin
IMPORTANT MESSAGE. This is a final contact attempt. You have important messages waiting out our customer claims dept. Expires 13/4/04. Call <PHONE> NOW!,1,sms_spam_uci,latin
dating:i have had two of these. Only started after i sent a text to talk sport radio last week. Any connection do you think or coincidence?,1,sms_spam_uci,latin
The current leading bid is 151. To pause this auction send OUT. Customer Care: <PHONE>,1,sms_spam_uci,latin
"Free entry to the gr8prizes wkly comp 4 a chance to win the latest Nokia 8800, PSP or £250 cash every wk.TXT GREAT to 80878 http//www.gr8prizes.com <PHONE>",1,sms_spam_uci,latin
You have 1 new message. Call <PHONE>,1,sms_spam_uci,latin
Santa Calling! Would your little ones like a call from Santa Xmas eve? Call <PHONE> to book your time.,1,sms_spam_uci,latin
You have won a guaranteed 32000 award or maybe even £1000 cash to claim ur award call free on 0800 ..... (18+). Its a legitimat efreefone number wat do u think???,1,sms_spam_uci,latin
"Latest News! Police station toilet stolen, cops have nothing to go on!",1,sms_spam_uci,latin
"""For the most sparkling shopping breaks from 45 per person; call <PHONE> or visit www.shortbreaks.org.uk""",1,sms_spam_uci,latin
Txt: CALL to No: 86888 & claim your reward of 3 hours talk time to use from your phone now! Subscribe6GBP/mnth inc 3hrs 16 stop?txtStop www.gamb.tv,1,sms_spam_uci,latin
http//tms. widelive.com/index. wml?id=820554ad0a1705572711&first=true¡C C Ringtone¡,1,sms_spam_uci,latin
"URGENT! Last weekend's draw shows that you have won £1000 cash or a Spanish holiday! CALL NOW <PHONE> to claim. T&C: RSTM, SW7 3SS. 150ppm",1,sms_spam_uci,latin
URGENT We are trying to contact you Last weekends draw shows u have won a £1000 prize GUARANTEED Call <PHONE> Claim code K52 Valid 12hrs 150p pm,1,sms_spam_uci,latin
2p per min to call Germany <PHONE> from your BT line. Just 2p per min. Check PlanetTalkInstant.com for info & T's & C's. Text stop to opt out,1,sms_spam_uci,latin
Marvel Mobile Play the official Ultimate Spider-man game (£4.50) on ur mobile right now. Text SPIDER to 83338 for the game & we ll send u a FREE 8Ball wallpaper,1,sms_spam_uci,latin
PRIVATE! Your 2003 Account Statement for shows 800 un-redeemed S.I.M. points. Call <PHONE> Identifier Code: 49557 Expires 26/11/04,1,sms_spam_uci,latin
Want explicit SEX in 30 secs? Ring <PHONE> now! Costs 20p/min Gsex POBOX 2667 WC1N 3XX,1,sms_spam_uci,latin
ASKED 3MOBILE IF 0870 CHATLINES INCLU IN FREE MINS. INDIA CUST SERVs SED YES. L8ER GOT MEGA BILL. 3 DONT GIV A SHIT. BAILIFF DUE IN DAYS. I O £250 3 WANT £800,1,sms_spam_uci,latin
"Had your contract mobile 11 Mnths? Latest Motorola, Nokia etc. all FREE! Double Mins & Text on Orange tariffs. TEXT YES for callback, no to remove from records.",1,sms_spam_uci,latin
"REMINDER FROM O2: To get 2.50 pounds free call credit and details of great offers pls reply 2 this text with your valid name, house no and postcode",1,sms_spam_uci,latin
"This is the 2nd time we have tried 2 contact u. U have won the £750 Pound prize. 2 claim is easy, call <PHONE> NOW1! Only 10p per minute. BT-national-rate.",1,sms_spam_uci,latin
